edad,género,nivel_autocontrol,nivel_empático,habilidad_regulación,autoestima,autoconciencia,regulación_estrés,ansiedad,motivación_académica,rendimiento,satisfacción_escolar,apoyo_familiar,relaciones_sociales,atención_clase,bienestar_general
12,Niña,4.89,3.36,6.86,6.83,6.41,6.63,8.84,9.4,5.88,5.13,7.57,6.64,5.54,6.7
9,Niño,4.04,6.09,8.77,7.23,9.56,5.53,3.46,5.71,6.05,8.97,10.0,7.75,9.3,7.59
16,Niña,8.11,6.7,4.23,4.76,6.52,4.18,3.91,7.86,6.09,6.8,9.41,7.47,3.99,6.5
13,Niño,3.59,7.19,5.69,6.82,2.96,7.48,6.28,6.0,7.4,9.28,9.23,7.9,8.63,6.38
10,Niña,6.76,6.74,3.02,6.95,5.46,6.8,3.91,7.41,6.38,4.19,8.12,8.98,5.07,6.39
12,Niño,2.77,5.02,4.14,6.13,7.19,5.98,2.47,6.61,3.04,4.87,6.4,6.39,8.81,5.71
15,Niña,7.06,7.5,7.83,7.26,4.83,6.75,4.28,6.97,5.47,7.55,8.74,8.45,5.75,7.15
8,Niño,7.46,7.84,4.44,6.64,7.38,7.03,8.82,7.25,6.42,6.8,4.09,8.81,8.27,6.69
12,Niña,7.64,4.81,7.25,7.14,6.51,4.58,3.84,6.33,5.23,5.28,7.97,8.68,8.54,6.82
16,Niño,5.76,6.25,8.82,7.44,7.59,6.7,2.98,7.26,5.42,8.49,8.82,4.71,5.58,7.31
16,Niña,8.38,6.12,5.7,7.44,5.57,4.92,5.64,8.55,9.67,5.68,7.68,9.34,8.14,6.98
13,Niña,9.46,6.81,6.88,8.02,5.47,7.08,4.19,5.57,6.99,8.58,9.49,6.17,6.46,7.35
10,Niño,5.52,6.21,7.26,7.21,7.03,5.49,10.0,8.48,6.5,6.8,5.79,4.61,4.16,6.53
9,Niño,5.32,6.4,3.92,6.23,6.29,6.78,3.23,6.3,7.87,5.4,9.42,9.31,7.31,6.52
13,Niña,6.22,7.4,4.95,6.02,6.21,5.11,8.27,6.14,8.49,5.96,7.31,7.67,4.87,6.17
13,Niño,5.28,4.94,4.29,5.52,8.34,6.86,7.13,7.75,9.91,8.82,9.24,7.72,5.46,7.08
8,Niña,5.06,7.53,5.09,6.98,7.09,4.23,4.04,6.19,9.22,6.48,8.72,6.57,5.07,6.34
11,Niña,5.19,8.1,7.22,8.39,3.71,5.86,4.79,7.18,7.57,8.26,9.32,7.24,7.11,6.84
10,Niña,8.57,8.79,4.99,6.37,7.34,7.37,2.74,7.04,5.01,8.86,8.67,6.82,4.92,7.29
7,Niño,7.16,3.5,5.94,7.34,7.21,6.55,3.72,3.57,5.7,6.79,8.33,6.19,4.54,6.63
13,Niña,5.28,6.24,4.23,5.9,7.84,6.11,4.02,7.33,6.48,6.59,9.14,7.03,4.83,6.63
17,Niña,2.32,3.75,8.08,7.03,5.08,8.69,5.12,4.54,7.66,6.33,7.57,7.15,5.36,6.28
11,Niño,3.68,3.09,5.07,8.31,6.72,7.44,1.97,4.65,7.12,7.39,8.22,5.28,7.29,6.43
7,Niño,6.76,6.7,8.59,7.62,6.45,7.17,5.42,7.25,5.09,9.01,7.5,7.07,7.95,7.44
17,Niño,2.82,5.94,6.1,4.92,5.06,6.85,4.51,7.5,4.85,5.18,6.68,4.68,7.93,5.48
10,Niño,6.44,6.92,3.61,7.48,7.53,7.05,5.6,8.51,7.34,7.21,8.13,9.5,6.44,7.3
6,Niña,4.4,7.18,5.71,7.54,5.99,8.45,5.89,5.07,7.16,7.15,7.74,6.87,6.4,6.57
17,Niña,6.14,8.25,4.19,7.01,7.8,5.13,4.35,5.59,6.73,4.37,9.01,5.61,6.21,6.23
15,Niña,6.1,6.58,7.0,7.6,5.33,7.42,5.78,7.4,7.63,5.66,7.27,7.67,7.21,6.79
11,Niña,6.18,10.0,5.56,5.8,4.4,6.37,4.63,8.54,8.62,5.94,6.59,6.03,8.29,6.05
17,Niño,5.41,6.93,6.28,6.88,5.98,5.19,6.29,6.99,7.4,7.97,8.99,6.96,6.26,6.71
14,Niña,5.36,9.08,5.37,8.13,6.6,5.64,5.43,5.38,5.78,8.21,7.58,7.59,7.35,6.72
6,Niña,4.92,3.23,5.06,8.02,5.61,6.15,5.16,8.96,9.49,4.27,6.55,5.68,4.52,6.2
16,Niño,6.73,8.39,4.34,7.46,2.32,4.42,4.6,6.31,6.77,7.79,9.17,9.53,7.86,6.3
16,Niña,7.21,6.25,7.42,5.74,6.8,7.18,7.39,6.35,7.06,7.61,8.61,9.66,6.85,7.29
15,Niña,4.17,3.77,5.71,5.55,6.79,5.64,5.61,4.55,6.15,7.71,9.72,6.32,4.85,6.23
17,Niña,5.92,7.09,5.47,6.94,7.19,5.94,2.16,7.79,5.6,7.11,7.09,5.54,8.21,6.61
17,Niña,6.29,6.08,5.66,7.02,5.81,7.97,3.86,7.98,5.71,8.23,6.92,6.31,4.51,6.86
8,Niña,6.28,7.31,4.85,6.68,5.73,6.01,4.34,5.64,5.42,8.54,6.2,6.38,2.86,6.25
17,Niña,6.25,7.92,5.47,5.83,8.17,8.28,4.8,9.33,3.09,4.61,6.82,8.44,7.85,7.02
12,Niño,5.4,4.42,6.35,7.32,4.25,4.96,5.15,5.82,6.8,6.83,7.04,6.33,7.12,6.01
9,Niño,6.42,7.92,4.24,6.93,5.98,4.04,2.91,7.64,8.43,6.54,8.32,5.49,4.56,6.21
14,Niña,6.93,6.51,4.49,7.15,6.48,5.34,4.66,7.04,5.72,6.1,6.38,7.13,7.07,6.39
8,Niña,6.21,8.39,8.34,7.51,7.09,1.3,4.17,3.66,10.0,6.26,6.7,5.06,8.37,5.94
10,Niño,6.76,6.21,5.38,6.47,6.52,7.25,6.97,7.52,8.8,7.16,9.54,8.39,6.92,7.15
8,Niña,7.49,5.84,5.06,6.21,5.1,4.14,2.81,7.38,6.98,5.08,3.98,7.78,10.0,5.79
12,Niña,3.22,6.54,3.72,8.13,7.82,4.81,4.77,4.05,5.56,7.84,8.08,6.22,5.14,6.19
10,Niña,7.42,6.64,7.45,5.89,6.3,6.95,3.43,8.99,4.92,6.38,5.95,6.36,2.92,6.78
14,Niño,6.51,5.57,4.2,6.24,4.13,5.99,8.53,7.39,6.85,8.12,6.53,7.32,4.24,6.16
12,Niña,4.33,5.81,5.97,8.28,6.57,5.1,7.31,8.56,7.09,6.03,9.21,5.57,2.83,6.7
7,Niño,7.2,4.78,3.1,6.14,6.92,2.54,1.52,4.13,6.73,5.96,7.59,5.98,9.92,5.61
9,Niña,5.4,5.89,7.39,6.68,8.85,7.88,3.21,6.08,8.39,5.58,10.0,6.71,6.49,7.23
14,Niño,5.61,7.45,8.0,6.31,6.83,6.96,6.54,8.47,8.95,6.04,8.25,5.29,9.6,6.83
17,Niño,5.24,6.31,6.82,4.66,4.37,9.09,5.71,4.35,7.61,5.78,6.5,6.41,5.93,5.77
7,Niña,6.45,7.91,3.39,6.65,4.42,4.85,5.65,6.13,7.68,7.51,8.17,5.61,5.05,5.87
15,Niño,4.82,6.24,7.43,5.59,7.94,3.47,5.18,7.31,6.59,8.37,8.86,8.85,3.73,6.94
14,Niña,7.35,4.5,4.59,7.11,5.26,7.39,6.7,3.86,6.99,7.44,8.13,6.48,5.87,6.38
15,Niño,5.79,7.34,4.01,8.13,4.29,5.5,6.36,4.72,7.54,6.79,7.24,5.77,7.85,5.84
10,Niña,5.45,5.56,5.35,4.14,7.6,6.81,4.22,8.77,6.59,7.58,5.47,7.88,6.14,6.49
7,Niña,7.13,6.17,5.31,6.31,5.68,8.39,2.4,6.79,7.86,6.85,7.11,6.18,3.94,6.58
9,Niño,5.52,8.23,5.14,7.34,7.53,6.42,1.42,8.47,5.63,6.94,9.5,5.57,7.54,6.99
17,Niña,7.42,4.87,8.17,4.18,5.11,6.07,4.59,6.97,6.05,6.47,6.54,8.15,7.84,6.37
17,Niña,7.47,6.73,9.42,8.4,8.22,6.17,1.12,10.0,5.64,8.07,7.01,6.58,5.65,7.96
12,Niño,4.0,6.44,3.67,7.26,7.43,3.18,5.3,7.36,6.13,3.31,8.69,8.09,5.45,6.03
17,Niña,7.66,7.48,4.83,8.1,5.36,7.57,4.18,8.6,6.63,3.91,8.24,6.98,3.77,6.8
13,Niña,3.81,7.7,6.24,6.12,4.14,7.68,8.69,6.33,8.34,8.34,5.93,7.17,7.5,6.09
8,Niño,7.76,6.87,5.34,6.27,9.3,6.65,5.49,7.02,7.05,6.62,7.37,7.73,5.76,7.18
6,Niño,9.04,6.0,6.68,6.61,6.03,3.38,4.74,7.66,5.33,8.18,9.19,6.17,2.21,6.93
9,Niña,7.31,7.16,7.56,9.37,5.31,5.61,1.57,7.91,5.18,6.05,7.53,5.95,4.12,6.99
7,Niña,2.76,8.37,7.27,8.38,8.1,8.1,2.28,6.64,6.46,9.24,9.22,8.56,7.4,7.65
13,Niño,7.6,6.46,7.04,6.96,7.53,4.89,6.16,6.7,8.08,6.71,9.29,7.75,5.95,7.17
9,Niño,9.37,6.13,8.82,7.11,7.84,7.69,4.17,7.45,8.82,7.53,6.39,6.91,4.68,7.66
7,Niña,5.55,7.04,3.3,7.56,6.17,5.89,9.87,7.45,4.93,6.27,7.15,8.03,6.59,6.42
11,Niño,5.95,6.55,8.52,9.67,8.75,6.94,4.63,5.16,7.48,5.64,8.29,7.7,5.16,7.58
11,Niña,4.22,4.63,5.3,7.26,4.6,5.14,5.14,7.04,6.48,4.46,5.65,8.23,5.47,5.78
15,Niña,6.47,6.84,7.33,6.86,5.58,5.94,2.17,7.18,6.58,8.0,7.23,5.51,6.07,6.63
9,Niña,7.9,4.61,4.25,6.39,6.81,6.5,6.69,5.24,5.62,7.45,8.16,6.92,9.2,6.62
11,Niña,7.05,7.02,4.46,7.08,7.82,4.07,2.95,8.06,6.71,7.03,6.75,8.47,9.19,6.82
7,Niña,10.0,5.38,7.13,6.1,7.16,6.24,5.85,7.32,5.56,5.31,8.21,9.18,3.35,7.33
15,Niño,6.05,6.55,2.72,7.4,6.19,1.5,6.42,10.0,6.65,8.88,6.78,6.3,6.4,6.26
17,Niño,3.55,7.05,7.68,5.08,5.68,4.84,4.99,6.66,8.49,7.05,6.77,7.21,4.18,5.99
7,Niño,6.26,9.94,8.14,6.49,7.83,6.67,8.31,8.4,7.82,7.88,8.39,7.03,4.8,7.42
15,Niño,2.38,7.54,6.3,7.68,7.29,7.59,3.58,7.51,9.49,6.9,9.14,5.38,3.53,6.77
9,Niña,5.2,8.41,6.24,7.24,5.16,6.56,8.15,9.58,7.68,5.37,6.65,6.63,5.11,6.48
13,Niña,8.44,9.12,4.58,6.24,5.12,3.58,2.26,5.25,7.23,8.29,6.05,4.95,4.59,5.82
12,Niña,6.49,7.18,7.15,6.52,5.59,7.45,6.4,5.96,7.72,7.53,7.46,6.78,8.14,6.7
17,Niña,6.27,6.9,6.59,8.04,5.42,3.98,4.52,5.3,5.99,6.65,8.06,5.65,5.15,6.27
14,Niño,8.73,5.01,4.43,5.35,7.64,6.78,3.38,6.58,4.29,7.51,6.64,7.22,3.39,6.74
13,Niña,5.59,6.34,5.33,5.35,6.87,4.03,1.48,5.01,8.04,8.04,9.49,6.6,6.5,6.24
10,Niña,7.89,5.49,5.73,5.68,7.03,4.56,4.28,4.41,4.67,7.82,7.32,6.58,6.22,6.34
7,Niño,6.19,5.94,5.33,6.79,6.55,4.27,4.15,3.5,8.46,4.5,6.62,9.02,6.08,5.94
10,Niño,6.57,9.12,3.68,5.17,6.61,6.02,5.15,3.4,7.98,4.81,9.82,7.09,7.48,5.91
13,Niño,4.17,6.66,7.19,7.94,4.24,5.49,6.25,7.68,5.9,7.93,9.02,9.44,8.47,6.92
15,Niño,5.28,5.27,5.59,5.69,7.33,6.61,3.18,6.02,6.43,5.93,6.63,7.58,6.05,6.32
14,Niña,3.9,8.42,6.03,7.07,5.57,5.77,8.32,4.85,6.98,5.43,8.78,8.06,6.93,6.18
17,Niña,5.86,7.84,5.02,6.11,6.26,3.37,3.72,5.71,5.8,7.42,6.71,5.87,6.1,5.85
17,Niño,6.59,7.91,6.81,6.72,5.68,6.24,6.0,5.91,7.7,5.39,8.42,6.1,7.31,6.41
17,Niña,4.33,3.69,6.34,4.88,6.49,2.98,4.98,5.25,7.82,6.23,9.63,7.02,4.15,5.88
14,Niña,9.07,9.23,8.06,8.0,7.05,4.39,4.4,9.11,5.12,8.09,6.05,8.58,7.49,7.59
6,Niña,6.42,5.72,6.82,5.65,4.99,5.22,4.88,8.83,5.93,4.78,6.85,6.53,6.95,6.14
14,Niño,6.09,7.59,5.66,5.52,6.63,5.11,2.92,9.08,6.95,4.98,6.88,5.14,4.96,6.12
12,Niña,7.15,10.0,4.74,9.65,5.72,3.16,4.02,6.97,8.48,4.64,7.82,7.52,10.0,6.51
14,Niño,4.76,9.52,7.47,7.47,8.02,7.99,2.12,7.12,7.85,5.69,8.07,7.08,4.32,7.14
13,Niña,6.25,5.13,5.52,7.95,4.85,8.44,3.7,5.72,3.97,7.02,7.39,6.28,7.03,6.58
6,Niña,4.92,4.48,5.71,7.35,5.0,9.4,3.87,5.43,6.62,6.03,5.48,6.52,4.97,6.2
17,Niña,8.34,8.5,5.71,6.26,5.83,7.64,6.49,6.73,7.61,9.0,6.02,5.87,7.42,6.74
13,Niño,4.41,6.7,5.32,5.23,5.1,5.17,4.14,7.68,5.96,7.54,6.44,8.2,9.7,6.02
13,Niña,6.09,5.8,5.74,6.44,6.01,5.14,3.9,8.49,5.86,6.87,8.17,7.03,7.74,6.62
16,Niño,6.49,7.37,9.27,5.63,5.61,5.05,5.24,5.88,6.03,8.67,5.83,7.31,6.31,6.54
8,Niño,6.59,6.27,4.22,5.7,6.41,8.98,5.16,4.82,6.6,5.04,6.4,6.22,7.99,6.04
6,Niño,5.13,7.48,4.62,4.9,7.61,5.62,3.62,7.8,5.73,8.11,6.14,8.74,5.56,6.49
13,Niña,4.66,6.59,8.35,6.94,6.39,7.83,5.59,3.97,7.86,6.57,7.91,7.29,7.28,6.66
8,Niña,5.15,7.51,5.36,8.69,6.51,7.71,4.44,6.64,5.88,6.26,8.86,4.22,6.64,6.7
8,Niña,6.79,5.25,5.23,7.47,4.93,6.1,3.61,6.83,5.65,7.76,7.68,7.6,4.55,6.66
6,Niña,5.78,8.49,7.76,6.67,6.13,3.48,3.81,6.13,6.48,6.32,9.89,6.66,9.23,6.52
16,Niño,7.19,7.48,3.59,6.75,5.75,5.65,6.7,4.38,8.92,7.15,7.68,6.79,8.49,6.12
10,Niño,6.72,7.4,7.4,3.14,7.19,6.04,3.87,6.15,7.68,6.76,7.39,8.29,5.13,6.42
15,Niño,2.58,4.94,6.08,6.29,5.31,7.84,5.32,9.16,7.77,7.33,6.56,7.12,8.14,6.41
12,Niña,6.37,8.88,6.79,5.09,5.18,5.83,2.24,7.59,7.37,6.19,7.74,9.23,4.62,6.51
15,Niño,9.38,6.48,6.76,6.96,6.71,3.87,7.03,8.44,5.77,8.2,6.51,7.14,7.24,7.08
14,Niña,7.99,7.52,4.93,6.49,8.87,7.38,3.63,4.87,6.17,4.04,6.33,6.39,6.58,6.5
17,Niño,6.63,6.05,7.79,5.76,6.07,5.44,5.6,7.08,5.95,7.8,6.29,4.64,9.19,6.34
12,Niña,4.41,6.87,5.06,6.93,6.52,1.73,4.3,6.83,8.42,4.25,7.23,6.07,7.03,5.58
14,Niña,6.72,6.92,6.7,6.92,7.53,6.32,5.58,6.86,7.38,5.85,6.9,6.58,4.03,6.76
13,Niño,7.11,2.55,8.1,8.62,6.96,6.6,5.69,7.53,4.83,7.63,10.0,8.91,8.13,7.93
17,Niño,5.62,7.32,8.34,7.62,6.97,4.45,4.51,6.92,8.89,4.08,7.75,6.4,5.8,6.55
7,Niño,6.48,9.25,5.55,7.06,6.18,5.49,1.07,4.92,6.57,7.13,7.73,9.13,5.72,6.63
6,Niño,8.26,7.26,6.79,5.66,6.2,6.85,6.98,7.62,7.85,4.98,6.84,5.51,6.55,6.46
12,Niña,4.71,5.16,5.39,5.51,5.32,6.33,4.52,7.96,8.37,5.54,10.0,6.0,5.58,6.22
12,Niño,4.41,7.41,10.0,7.52,6.93,3.3,5.54,8.68,3.67,5.48,6.39,8.47,9.37,6.84
13,Niño,7.04,7.98,7.33,6.56,6.9,7.81,6.18,8.75,7.59,5.02,6.93,6.23,7.79,6.93
10,Niño,6.69,7.22,6.14,7.1,7.23,8.53,3.89,7.41,6.67,4.48,8.7,8.43,4.67,7.19
8,Niña,7.54,6.4,6.53,7.97,5.67,4.98,5.83,4.99,3.85,9.8,7.74,5.93,5.34,6.8
17,Niña,6.85,6.16,6.69,4.98,7.38,2.74,3.3,4.41,5.53,6.64,5.97,6.06,4.4,5.79
13,Niño,5.15,6.16,6.74,8.48,7.77,7.03,5.58,6.36,6.41,5.17,7.53,7.83,8.05,7.02
11,Niña,6.65,7.48,5.59,7.96,4.72,4.72,4.84,8.08,8.1,6.11,8.32,5.94,6.39,6.44
16,Niño,4.29,4.53,5.33,4.33,5.91,6.66,3.96,7.98,6.77,6.95,8.11,6.64,4.94,6.13
8,Niña,5.62,5.98,5.74,9.62,7.83,9.32,4.89,7.11,7.19,6.37,8.29,7.51,9.01,7.62
6,Niña,6.75,8.73,4.06,7.19,5.46,3.33,2.69,6.65,6.54,5.13,10.0,6.67,7.31,6.15
8,Niña,5.46,8.79,7.22,6.23,6.99,4.53,5.42,9.56,8.41,5.64,7.83,6.27,6.8,6.63
10,Niña,9.7,4.43,4.64,7.42,6.31,5.49,5.63,7.56,7.68,8.56,8.45,5.43,6.72,7.04
8,Niño,3.16,4.92,4.2,5.63,6.73,7.87,5.49,6.57,7.21,4.94,4.59,8.88,4.33,5.87
6,Niño,5.18,6.12,5.98,7.46,6.35,10.0,7.8,5.73,5.51,4.1,9.74,9.13,7.39,7.06
10,Niño,4.59,7.75,5.78,5.85,7.27,6.2,4.61,5.19,7.16,6.36,7.58,7.43,5.83,6.28
15,Niña,4.95,3.94,6.42,9.22,4.97,3.19,4.75,5.04,10.0,4.2,6.46,6.7,7.89,5.82
12,Niño,5.04,6.42,5.03,6.87,5.11,5.25,2.46,5.19,8.03,5.63,7.27,6.77,7.52,5.81
12,Niño,4.01,5.84,5.33,7.58,8.2,4.56,7.94,7.12,6.04,5.15,8.3,8.08,6.4,6.62
16,Niño,7.13,8.36,7.18,5.86,9.03,6.95,1.8,6.67,9.41,5.16,8.74,8.34,6.29,7.25
14,Niña,5.18,4.15,7.07,7.78,6.29,6.4,5.26,6.21,5.98,7.0,7.39,6.3,9.15,6.67
15,Niña,6.25,6.63,7.0,6.78,8.53,4.13,3.57,7.8,7.93,7.26,8.22,8.4,4.36,7.2
15,Niña,5.35,5.95,6.06,5.11,5.3,4.47,4.92,9.41,6.94,5.77,7.18,7.8,5.58,6.16
17,Niño,4.96,8.56,6.29,6.51,5.61,5.22,2.18,5.46,7.24,6.77,8.09,8.37,8.32,6.34
8,Niño,8.51,7.34,6.39,9.12,8.19,5.42,6.58,5.69,7.28,5.7,7.75,4.92,8.88,7.03
12,Niño,7.38,5.68,4.88,7.83,7.35,5.73,2.89,3.37,6.68,7.46,7.86,6.46,6.28,6.59
6,Niña,3.2,7.69,8.51,6.35,8.39,5.88,7.13,6.66,6.49,4.83,7.13,6.78,5.38,6.51
9,Niña,3.04,5.96,8.26,4.56,6.91,7.78,2.94,6.51,5.29,7.13,7.98,6.39,5.41,6.43
9,Niño,7.56,7.9,7.35,5.8,4.98,5.17,6.75,8.04,5.54,7.24,6.51,9.49,4.2,6.75
10,Niña,5.22,6.17,5.28,5.11,6.59,4.93,3.14,6.57,7.43,10.0,7.73,6.47,9.7,6.38
12,Niña,3.53,7.98,6.92,4.59,7.86,3.66,3.57,5.82,6.11,4.44,6.74,7.61,6.26,5.74
12,Niña,7.57,7.11,7.66,7.74,6.13,5.44,4.8,6.99,5.82,10.0,6.31,7.2,7.24,7.2
16,Niña,6.25,10.0,3.92,6.87,5.93,6.21,3.1,7.54,10.0,7.96,6.65,6.62,7.26,6.44
9,Niño,6.38,6.43,8.88,8.95,6.93,3.04,3.05,4.27,10.0,9.46,7.25,6.08,8.87,6.92
12,Niña,7.21,7.04,3.04,5.6,5.57,5.25,3.13,8.21,7.76,8.17,6.87,9.67,5.83,6.52
16,Niña,4.04,5.83,7.2,6.8,6.68,7.66,5.44,8.66,7.94,5.58,7.98,6.71,5.94,6.8
8,Niña,3.55,6.5,8.47,5.13,6.38,6.84,4.8,7.52,5.94,7.82,7.6,8.14,7.83,6.72
11,Niña,8.37,2.72,5.81,6.09,5.66,6.4,4.91,5.3,5.46,5.97,8.72,6.99,3.63,6.52
17,Niño,3.84,7.15,5.74,6.53,7.57,6.79,4.15,6.21,6.56,6.78,7.4,6.4,8.88,6.43
7,Niño,4.17,8.38,7.14,6.35,7.14,4.88,5.9,8.47,7.0,5.26,7.72,7.14,9.28,6.5
15,Niña,4.47,7.06,9.15,6.86,5.84,4.67,6.9,5.23,7.93,5.95,9.74,7.4,6.89,6.57
14,Niña,9.12,4.66,5.52,7.97,6.28,7.84,5.95,7.64,4.62,8.16,6.97,6.39,5.0,7.3
10,Niña,6.74,5.38,4.67,7.84,5.95,7.13,4.38,6.62,9.79,7.51,7.16,6.01,7.86,6.65
11,Niña,7.45,3.1,5.28,5.88,5.47,4.61,2.36,6.94,7.32,8.33,8.94,7.62,6.19,6.62
17,Niña,6.29,7.87,3.36,6.76,4.09,2.79,1.0,5.45,4.98,4.94,6.35,7.15,6.73,5.26
17,Niña,5.1,5.09,7.53,7.75,5.67,4.64,4.67,7.2,7.2,4.28,9.08,6.15,6.85,6.41
17,Niño,6.95,6.46,5.13,8.04,5.49,6.67,1.0,7.09,5.83,8.44,7.22,5.78,5.45,6.76
17,Niña,3.67,6.28,5.65,6.01,6.45,4.75,4.4,4.44,5.74,8.34,6.5,7.45,7.06,5.95
9,Niño,4.36,8.58,7.55,7.65,6.87,6.33,7.61,6.69,5.62,7.2,8.59,4.51,4.16,6.7
16,Niño,7.1,6.62,5.36,7.2,5.26,8.07,2.49,7.62,6.67,7.49,7.2,6.66,2.99,6.82
15,Niña,3.96,7.63,7.29,5.52,6.79,5.65,2.23,6.12,9.73,8.11,9.69,7.18,7.08,6.65
12,Niño,5.72,7.27,4.24,7.76,5.06,6.17,6.07,3.03,7.12,7.15,7.6,9.26,8.17,6.24
17,Niño,5.78,8.4,7.63,6.98,6.14,6.9,1.0,6.53,7.9,7.65,7.59,7.01,5.68,6.88
14,Niño,5.21,6.17,6.58,4.71,5.52,4.07,5.56,8.9,8.22,8.04,6.8,6.61,5.59,6.15
12,Niño,3.07,9.12,5.85,6.45,7.27,4.56,7.74,6.18,6.81,6.77,7.32,7.37,7.54,6.17
6,Niño,5.06,3.72,6.22,6.85,6.45,6.96,3.06,8.84,5.49,6.42,7.17,6.07,6.47,6.67
6,Niño,4.76,7.7,3.81,6.07,6.16,5.86,2.71,5.48,4.92,7.43,9.1,6.72,5.59,6.15
14,Niña,6.24,5.29,6.18,8.27,5.49,5.99,5.98,4.96,6.5,10.0,7.85,7.04,6.99,6.89
16,Niño,6.17,5.81,5.76,8.32,5.87,5.85,2.46,6.69,8.49,5.71,8.35,7.82,6.51,6.76
14,Niño,6.57,7.3,3.86,6.34,8.68,7.37,6.42,5.47,8.22,6.3,7.62,6.13,4.5,6.58
9,Niño,4.99,7.29,4.86,6.21,5.65,6.5,2.62,7.19,7.33,4.44,7.01,6.99,6.33,5.98
14,Niña,6.78,7.35,5.78,6.64,6.92,6.52,8.34,6.14,7.51,7.51,7.95,4.67,6.79,6.57
8,Niño,3.67,4.56,4.97,6.56,6.15,7.76,6.12,8.91,6.82,6.16,9.41,7.67,5.65,6.76
12,Niña,3.27,8.53,1.9,6.09,6.89,8.37,4.88,6.04,6.37,4.94,6.24,6.7,7.98,5.69
11,Niño,2.5,5.24,7.83,2.35,7.39,9.39,8.22,6.83,6.04,6.81,8.0,9.45,7.27,6.54
13,Niña,5.25,5.43,5.76,8.91,5.84,4.87,6.86,7.59,5.09,8.99,9.3,7.46,6.06,7.13
16,Niña,4.87,7.39,2.13,6.8,7.22,9.75,5.54,8.13,9.34,6.41,6.52,5.87,6.71,6.47
14,Niño,7.18,6.1,9.63,6.59,9.88,4.05,1.07,8.92,7.22,6.54,8.61,5.58,5.9,7.52
10,Niño,5.03,6.93,8.11,7.19,7.04,8.9,3.4,6.35,6.42,8.94,8.61,7.86,6.14,7.51
6,Niña,6.41,3.48,5.41,6.7,8.4,4.79,6.97,6.1,9.37,6.89,5.95,9.34,6.2,6.75
8,Niño,7.22,6.9,4.57,6.28,6.93,5.69,2.2,3.83,9.62,5.21,8.83,8.94,3.67,6.41
15,Niña,4.97,6.8,6.69,5.59,5.09,5.83,3.27,9.76,10.0,7.86,6.79,5.42,6.54,6.33
17,Niña,6.45,5.79,6.34,4.59,6.66,4.41,2.76,7.24,6.68,8.47,7.93,7.26,7.01,6.5
13,Niña,7.5,3.6,6.92,5.17,5.87,5.94,5.6,7.83,7.14,6.62,8.73,8.47,10.0,6.86
16,Niña,4.14,6.2,4.57,5.46,5.53,4.5,6.73,7.53,7.85,7.08,8.94,5.26,7.2,5.85
11,Niña,6.04,6.45,7.87,7.58,6.21,3.82,6.73,6.77,9.16,5.06,5.66,8.35,5.46,6.43
13,Niño,4.98,5.99,5.2,7.67,6.1,5.74,3.09,7.23,7.08,5.68,9.65,6.09,3.87,6.52
14,Niña,4.24,3.93,7.16,5.74,4.92,8.34,5.58,5.86,5.72,6.43,9.2,6.72,4.81,6.4
9,Niña,3.7,8.73,4.65,3.6,9.82,5.39,3.0,6.25,6.02,7.01,8.76,7.36,5.7,6.32
6,Niño,4.21,5.61,10.0,6.81,7.35,7.31,4.38,5.27,8.53,6.03,7.93,8.39,5.73,7.04
6,Niña,6.09,6.19,7.18,6.29,6.62,4.45,5.84,9.04,7.81,6.38,6.98,8.99,6.12,6.85
15,Niño,3.58,3.13,10.0,6.26,6.42,3.75,6.92,7.54,6.78,6.73,6.2,6.58,5.86,6.34
9,Niño,5.17,8.73,7.41,7.95,7.86,6.53,1.0,9.66,6.69,5.5,5.55,6.38,6.13,6.99
17,Niño,7.22,5.85,5.05,6.97,9.0,8.61,5.0,10.0,6.78,6.52,8.27,6.29,5.82,7.59
12,Niña,6.67,6.64,7.41,5.63,7.19,6.13,7.61,4.59,8.61,8.52,8.76,8.01,6.53,6.93
7,Niña,5.2,8.07,7.53,5.35,6.46,7.12,5.26,8.18,5.97,6.07,7.4,8.29,5.05,6.75
8,Niña,8.53,5.55,6.63,6.48,8.21,8.19,4.97,4.66,5.42,5.64,6.95,8.16,4.49,7.08
6,Niño,8.84,7.85,7.07,5.71,6.49,5.74,3.67,6.97,9.36,9.82,7.58,7.35,6.12,7.17
10,Niña,6.04,3.61,7.29,6.71,6.87,5.56,7.56,7.17,7.03,7.22,6.73,7.48,7.19,6.79
6,Niño,2.3,7.27,4.31,8.03,7.6,6.56,3.77,4.77,6.9,5.82,7.53,6.7,4.71,6.14
13,Niña,7.33,8.7,4.19,5.14,5.8,6.84,4.6,5.59,7.87,7.8,6.66,6.82,5.58,6.17
6,Niño,2.56,5.69,4.65,6.91,3.6,3.56,3.86,7.24,5.71,7.26,8.23,8.11,6.27,5.74
16,Niña,8.21,8.07,6.22,7.9,5.73,6.27,5.02,6.96,7.98,6.1,8.99,7.34,6.23,7.06
6,Niña,7.63,9.07,5.62,6.7,7.3,5.8,7.65,5.17,6.5,6.83,8.11,6.38,7.7,6.65
7,Niña,8.66,6.14,4.34,7.67,7.21,4.54,2.99,5.65,8.46,6.49,7.4,8.43,8.0,6.78
7,Niño,6.39,6.03,7.32,6.46,8.05,5.69,5.03,4.46,5.01,8.29,8.69,6.21,6.86,6.88
17,Niño,5.46,5.24,6.48,7.0,5.78,3.94,5.58,4.9,7.59,7.85,7.52,7.19,8.44,6.25
11,Niña,5.32,5.79,6.29,7.33,8.36,3.38,3.18,6.14,6.7,3.9,8.65,5.39,5.91,6.26
12,Niña,5.18,5.36,5.56,6.11,6.54,5.91,4.68,8.18,6.08,9.56,6.74,5.77,7.84,6.59
10,Niño,7.47,5.24,5.36,9.19,7.09,7.24,8.5,8.37,8.0,6.5,6.89,7.02,5.52,7.33
6,Niño,7.07,8.18,4.57,7.49,7.47,5.24,1.26,9.45,6.81,9.31,6.31,6.09,6.97,7.05
6,Niño,6.18,5.39,7.59,8.36,4.5,4.26,3.96,7.34,7.61,7.9,6.94,6.7,7.53,6.62
8,Niña,4.92,6.86,4.8,8.09,4.99,4.51,5.3,6.98,8.65,7.25,8.68,8.58,6.59,6.53
7,Niño,9.94,6.55,6.36,7.19,4.95,6.68,4.05,7.44,8.03,6.77,6.45,6.84,4.96,6.87
10,Niña,7.37,8.6,8.83,8.46,7.69,8.47,10.0,7.43,5.6,10.0,4.73,8.17,3.82,7.92
17,Niño,3.6,5.8,5.44,7.03,5.9,7.03,5.9,4.28,6.3,6.52,7.0,5.99,7.39,5.92
15,Niña,5.23,7.03,7.63,5.92,8.94,7.88,2.71,9.53,7.6,5.96,6.09,7.71,6.06,7.23
11,Niño,7.4,7.61,6.97,6.82,6.3,4.12,1.0,3.8,8.03,6.09,6.89,5.7,6.18,6.07
12,Niño,4.8,8.59,6.53,5.59,4.39,5.68,5.48,8.42,6.49,6.9,10.0,6.68,8.9,6.4
9,Niño,6.53,5.78,6.73,4.28,5.43,7.43,3.29,6.78,7.26,6.9,6.43,7.77,4.99,6.31
12,Niño,7.43,5.63,5.84,5.78,6.45,3.56,7.38,5.07,7.25,8.31,8.26,7.02,7.68,6.38
16,Niño,1.0,5.01,6.06,6.89,6.97,4.75,4.25,7.5,7.43,7.96,7.4,8.22,5.32,6.37
13,Niña,5.84,9.63,5.07,8.07,5.02,7.31,3.66,6.52,5.47,7.96,7.95,7.87,6.22,6.82
16,Niño,5.9,8.44,6.07,5.77,7.04,6.21,3.63,5.68,5.16,6.58,6.89,6.6,4.76,6.31
6,Niño,5.38,6.44,5.01,8.01,7.39,4.26,6.77,4.63,4.06,7.85,8.89,8.69,5.31,6.78
11,Niño,6.45,9.2,7.71,5.35,5.47,3.19,5.63,4.5,7.14,7.99,8.01,7.57,7.16,6.16
13,Niña,6.99,6.36,3.11,5.7,8.86,7.94,8.31,5.78,5.23,6.79,8.05,6.68,8.57,6.72
10,Niño,6.21,7.51,6.82,8.54,5.61,2.51,4.37,6.12,9.78,7.29,7.62,7.19,7.18,6.5
9,Niña,5.44,6.51,6.57,6.86,5.0,6.81,6.52,4.88,7.85,7.99,9.01,7.12,6.99,6.56
7,Niño,6.95,7.06,6.42,6.59,4.31,4.95,6.56,6.76,5.46,7.2,8.17,7.26,10.0,6.41
11,Niño,6.07,6.91,7.74,7.08,7.89,7.48,6.15,5.1,8.48,7.33,7.95,6.82,7.4,7.09
11,Niña,5.65,5.91,5.51,5.35,6.33,4.13,3.78,7.24,8.48,8.87,8.28,7.48,5.01,6.47
16,Niño,4.03,8.03,6.43,6.4,5.68,9.98,5.75,8.55,8.58,7.21,5.39,8.03,3.81,6.77
6,Niña,3.66,7.5,3.08,6.8,4.38,6.44,4.61,7.13,5.95,6.05,7.73,7.55,7.11,5.84
14,Niña,4.0,7.94,5.29,8.28,5.79,6.71,4.55,6.56,7.93,5.02,7.42,7.51,4.25,6.36
17,Niño,6.42,6.95,7.45,4.8,9.4,4.56,3.19,5.9,8.61,7.06,8.9,6.87,4.9,6.84
16,Niña,5.88,5.23,3.72,8.92,3.51,5.59,1.0,8.87,9.04,6.44,6.66,5.85,6.99,6.16
11,Niño,3.78,8.89,6.27,6.65,5.48,5.63,7.3,6.41,5.02,8.03,7.74,5.53,8.16,6.16
8,Niño,6.97,6.13,4.85,5.47,8.63,8.67,5.66,10.0,6.72,9.11,9.81,6.08,6.04,7.66
9,Niña,8.06,7.01,5.81,5.25,7.92,6.44,2.11,4.93,5.9,5.46,7.47,6.46,4.57,6.44
17,Niña,5.1,7.39,4.95,7.13,5.56,6.67,6.24,7.13,9.42,5.66,5.9,9.17,6.27,6.36
16,Niña,3.39,7.0,3.88,5.18,6.56,6.65,7.34,8.82,7.64,6.87,10.0,8.63,6.06,6.59
9,Niña,4.94,7.78,6.66,6.13,6.9,6.81,6.36,5.66,8.16,5.78,6.64,6.23,6.69,6.23
8,Niño,7.28,8.0,5.92,6.5,6.47,3.58,3.02,6.35,7.62,6.59,6.25,7.58,4.58,6.3
15,Niño,6.82,6.19,7.04,8.17,8.62,9.08,3.34,7.64,7.49,6.15,6.3,6.91,5.16,7.51
8,Niña,4.62,8.78,7.35,8.02,6.74,4.4,3.7,7.28,5.88,5.49,8.37,7.31,8.14,6.7
8,Niño,8.28,6.13,8.08,6.03,7.78,5.74,6.52,7.54,6.42,8.06,9.06,6.29,7.72,7.38
9,Niño,8.02,6.97,6.23,6.54,6.54,8.25,5.76,8.44,7.09,7.01,9.61,9.91,8.36,7.71
12,Niño,4.9,5.96,8.16,4.89,3.66,8.9,10.0,6.18,6.16,9.46,7.52,9.42,3.54,6.74
9,Niño,4.89,5.56,4.34,4.35,4.75,7.09,1.52,8.86,5.92,7.4,6.32,6.62,5.08,5.92
14,Niña,5.11,7.96,7.55,5.33,5.02,4.99,4.69,4.12,6.73,8.7,6.82,6.22,8.09,5.9
6,Niña,5.24,10.0,6.78,8.15,5.98,6.0,1.0,8.32,6.21,5.88,7.54,8.2,7.45,6.91
13,Niño,7.43,5.99,6.4,7.74,9.0,6.07,5.99,8.42,7.06,5.86,7.47,5.43,7.15,7.22
12,Niña,6.64,8.2,6.76,7.26,6.77,6.12,6.93,5.54,6.42,10.0,9.07,8.1,5.92,7.33
7,Niña,7.32,6.04,4.37,5.05,6.16,3.83,7.68,4.52,6.11,6.05,5.92,7.16,5.51,5.6
13,Niña,7.01,6.49,3.97,5.95,7.91,7.82,5.18,6.35,5.79,5.57,6.16,5.14,6.55,6.28
6,Niño,8.57,8.96,8.91,5.77,4.41,6.02,1.0,7.31,7.01,5.26,7.13,6.8,5.78,6.53
16,Niño,4.41,5.0,5.71,6.6,5.66,4.64,4.7,6.2,8.15,9.58,7.94,6.15,7.34,6.3
17,Niño,6.57,4.63,5.69,6.53,5.47,5.0,5.67,7.45,7.85,6.52,6.97,7.21,6.56,6.34
14,Niña,2.74,6.38,4.13,5.6,6.82,6.23,2.79,9.61,5.02,7.46,6.87,7.07,4.95,6.27
14,Niño,4.02,7.43,3.48,7.22,7.46,3.56,4.27,4.65,8.12,7.11,8.91,5.25,7.52,5.9
7,Niño,5.89,7.15,5.85,7.07,6.91,7.21,2.25,3.77,7.84,5.89,8.07,6.57,8.51,6.42
12,Niña,6.63,7.0,5.42,5.93,6.93,6.18,3.57,6.6,8.15,6.49,6.32,7.75,8.61,6.47
15,Niño,5.85,6.55,6.0,7.17,5.83,8.31,6.62,5.68,8.41,8.08,6.89,7.97,7.58,6.83
8,Niño,5.15,7.6,6.15,8.15,6.72,5.92,6.16,5.98,6.05,5.18,8.12,6.53,7.6,6.53
12,Niña,5.42,2.42,10.0,8.51,5.21,4.06,2.01,8.6,6.61,7.84,5.99,7.6,4.64,7.01
17,Niña,8.05,5.45,5.42,7.39,7.18,3.88,3.39,6.52,9.33,8.91,8.11,7.35,5.43,7.01
15,Niña,5.42,6.37,8.69,7.35,5.65,5.17,4.91,6.66,9.25,7.31,7.09,6.93,6.23,6.68
14,Niño,8.62,7.49,8.79,6.51,4.84,5.34,5.25,6.04,6.9,8.77,7.94,7.6,7.45,7.01
9,Niño,7.19,8.59,7.28,8.04,6.35,4.89,3.47,6.64,7.78,4.98,7.64,5.8,5.54,6.6
17,Niño,6.69,5.26,5.6,5.52,3.81,6.01,5.75,7.1,7.9,4.34,6.16,7.0,6.01,5.69
6,Niña,4.21,8.54,3.69,7.9,8.22,4.85,4.73,10.0,9.28,7.24,6.74,4.91,7.4,6.58
7,Niña,7.4,5.87,6.81,6.45,7.34,6.21,1.0,7.12,7.45,6.08,9.24,6.93,6.72,7.05
6,Niño,5.26,6.32,7.73,8.59,6.74,4.97,3.66,8.44,5.42,8.13,10.0,8.85,7.03,7.64
17,Niño,4.21,7.31,8.97,7.51,4.19,6.81,3.6,6.98,6.38,6.47,5.4,6.58,5.26,6.3
10,Niña,6.77,6.22,4.39,6.72,5.39,5.3,6.16,3.66,10.0,7.11,8.75,8.72,5.99,6.29
10,Niña,3.92,8.05,5.59,6.52,6.35,7.79,6.19,5.85,5.36,7.01,7.85,6.61,5.75,6.39
16,Niña,4.86,5.93,4.4,7.43,5.96,6.84,1.46,7.12,7.07,7.06,10.0,5.59,6.5,6.59
12,Niña,5.98,5.95,4.92,7.37,4.1,6.11,5.68,7.79,10.0,6.14,6.83,7.87,5.81,6.29
14,Niño,9.33,7.97,7.13,6.32,4.59,5.47,4.65,7.02,5.96,4.99,8.58,7.6,5.59,6.65
14,Niña,4.97,5.43,4.85,6.91,5.93,3.37,5.05,8.08,3.46,6.59,7.14,10.0,6.7,6.43
8,Niño,5.31,6.85,4.6,7.88,4.63,8.06,3.57,4.51,3.69,8.93,9.04,5.73,9.85,6.49
8,Niño,7.1,4.18,7.35,5.16,8.08,4.71,4.68,6.77,5.97,6.05,10.0,7.46,7.43,6.93
8,Niño,4.14,9.05,6.77,7.67,6.94,5.95,7.1,8.69,4.71,6.04,7.76,7.51,3.65,6.88
9,Niña,6.66,8.19,6.6,7.43,5.26,6.35,5.02,5.24,8.35,7.12,6.13,8.38,7.06,6.55
13,Niña,7.81,10.0,4.89,8.22,7.82,5.51,4.72,8.38,7.35,5.25,9.2,7.69,5.68,7.28
11,Niña,5.54,8.37,8.2,5.94,7.56,7.97,3.84,8.3,4.23,8.3,8.18,6.63,4.99,7.34
13,Niña,7.54,4.92,6.02,6.81,6.68,3.85,6.9,4.84,4.93,5.39,7.95,5.61,7.63,6.14
6,Niño,6.44,7.44,10.0,7.05,6.25,8.57,2.24,7.21,8.61,6.49,9.4,7.45,6.62,7.55
13,Niña,4.9,5.21,6.27,7.69,5.91,6.87,3.2,6.94,7.25,10.0,6.13,7.49,10.0,6.9
9,Niña,5.7,8.71,2.03,7.31,5.6,5.41,2.12,6.44,8.86,5.3,6.64,7.82,6.32,5.87
16,Niño,5.43,4.96,1.96,5.31,4.56,5.42,5.2,4.41,8.45,8.96,8.21,6.62,6.14,5.58
6,Niña,5.87,4.89,7.06,7.15,8.29,2.25,7.16,6.31,5.5,7.07,6.61,7.36,8.42,6.57
13,Niño,6.23,4.25,8.21,9.21,5.62,4.44,4.14,6.47,8.15,7.27,7.12,4.99,6.54,6.7
9,Niño,6.88,5.82,4.67,7.53,6.34,5.23,2.66,4.15,7.73,5.77,9.03,5.66,4.81,6.22
11,Niño,6.76,5.53,9.57,8.77,5.12,6.08,8.07,4.74,4.45,8.02,8.02,8.22,5.09,7.22
13,Niño,2.35,4.73,8.83,8.05,5.96,7.82,5.7,5.31,5.23,6.39,6.09,7.23,5.97,6.5
9,Niño,5.85,9.29,6.36,8.43,10.0,9.06,5.36,5.13,10.0,5.29,7.99,7.62,7.55,7.5
8,Niño,3.74,7.24,6.92,7.17,5.36,6.24,4.42,7.19,5.79,8.94,8.99,6.22,8.54,6.7
14,Niño,5.59,7.08,7.52,7.43,8.18,6.13,6.14,8.07,7.53,6.36,7.71,6.06,7.78,7.08
8,Niño,5.81,8.72,9.21,7.11,6.26,5.02,5.32,6.23,6.75,4.3,8.55,6.45,7.41,6.56
14,Niña,7.46,6.86,7.16,6.81,7.18,3.06,3.84,7.85,7.24,6.52,6.88,7.31,8.26,6.72
7,Niña,5.95,5.45,6.32,7.69,7.92,4.83,4.17,8.13,6.84,8.03,7.81,7.89,7.49,7.24
7,Niña,6.39,4.12,7.14,6.17,6.65,5.47,2.76,6.57,8.25,7.81,5.61,6.68,5.05,6.49
7,Niña,7.19,5.37,6.91,9.06,5.84,7.36,2.51,7.31,8.22,6.0,8.26,4.84,6.15,7.02
11,Niño,7.84,8.61,7.57,5.69,6.06,6.63,4.21,6.36,7.15,5.53,7.93,7.52,5.68,6.7
8,Niña,5.82,4.74,3.33,7.77,6.1,6.15,7.11,5.02,5.82,4.99,5.95,7.35,8.52,5.94
14,Niño,6.14,6.99,6.54,8.45,8.72,4.87,2.73,5.58,6.26,6.87,9.33,7.62,4.97,7.27
9,Niña,6.02,7.95,6.78,6.59,4.37,2.63,6.47,7.19,4.95,7.11,8.19,8.11,5.0,6.25
6,Niña,5.19,6.9,5.88,5.46,4.0,2.73,3.2,6.52,6.57,7.89,6.67,8.01,6.77,5.71
9,Niña,4.85,7.06,7.33,8.19,4.08,3.14,1.23,7.81,4.7,6.69,8.29,8.77,9.59,6.53
6,Niño,2.59,7.42,9.27,7.04,5.14,5.33,5.89,3.87,7.28,6.65,6.32,7.04,7.68,5.93
10,Niña,4.39,7.03,6.23,7.78,7.21,7.39,8.06,4.23,7.38,6.51,6.48,6.44,8.17,6.42
9,Niño,3.33,8.75,7.18,6.67,7.29,7.35,3.09,4.41,8.31,7.11,6.32,8.35,4.73,6.5
13,Niño,7.88,5.04,8.73,8.88,5.51,7.07,1.66,6.95,5.41,6.71,6.29,8.18,7.57,7.34
13,Niña,6.28,6.84,6.27,4.26,6.26,4.98,5.71,4.63,5.5,8.21,8.03,6.7,4.72,6.09
12,Niña,5.81,3.95,4.49,7.25,4.85,7.63,2.95,7.18,8.98,7.34,7.61,8.44,7.67,6.66
8,Niña,4.92,3.6,7.05,8.41,4.97,4.31,5.87,7.83,5.22,7.05,8.4,7.1,3.99,6.67
6,Niño,6.04,6.39,2.26,6.93,7.05,7.17,7.1,8.97,9.67,6.84,4.12,8.66,5.96,6.5
6,Niña,4.73,7.26,2.09,7.16,7.66,3.12,5.46,8.81,5.8,5.58,7.03,9.25,3.22,6.28
17,Niño,6.26,8.78,6.57,6.28,5.68,3.92,6.42,5.66,5.81,6.9,7.05,10.0,5.08,6.43
16,Niño,6.37,9.89,2.01,6.82,8.43,8.44,6.43,4.2,8.1,5.99,7.56,7.08,4.22,6.45
8,Niña,4.71,8.35,3.76,4.79,7.56,5.47,6.78,5.75,7.71,7.39,7.53,8.84,7.54,6.2
11,Niña,4.68,7.52,5.35,5.94,8.37,4.71,4.89,8.17,9.13,6.61,7.77,8.11,6.65,6.69
12,Niño,7.44,6.72,4.77,5.86,5.91,7.56,6.36,6.12,4.54,9.23,7.61,8.23,5.75,6.86
11,Niño,5.92,4.36,5.75,7.6,8.28,7.75,5.13,6.66,7.69,5.13,6.95,7.55,6.69,6.95
11,Niño,4.83,6.3,7.89,6.11,9.13,5.11,5.58,5.86,6.94,2.56,7.02,8.24,5.17,6.44
11,Niña,5.44,8.31,6.41,6.15,5.76,6.25,10.0,9.07,5.6,7.27,7.44,5.21,7.01,6.5
8,Niño,4.48,7.76,4.57,6.35,6.1,6.02,5.28,5.18,9.45,6.0,8.11,6.96,6.38,6.0
11,Niña,5.9,4.7,8.3,5.9,5.07,1.28,1.8,6.8,7.31,7.13,7.6,6.15,10.0,5.96
13,Niño,7.25,7.36,3.57,7.12,4.81,3.57,4.41,8.36,6.92,5.17,6.56,6.04,9.11,5.84
16,Niño,5.96,7.24,6.38,7.25,4.83,7.31,4.18,9.46,7.59,9.57,6.49,5.13,8.0,6.84
16,Niña,9.55,6.99,3.38,7.79,5.25,4.47,4.27,5.66,4.75,6.36,8.11,6.32,6.97,6.34
7,Niño,6.63,6.46,6.43,7.58,6.66,6.65,6.71,8.14,5.38,5.91,8.41,6.77,7.17,7.03
10,Niña,6.34,7.43,5.46,7.46,5.3,6.22,7.06,5.75,6.57,9.55,8.79,7.24,8.49,6.85
6,Niña,4.64,7.48,7.84,6.41,6.62,7.74,4.59,8.77,7.41,8.08,6.91,6.98,6.96,7.05
17,Niño,5.64,5.6,7.23,6.33,6.64,3.62,2.02,9.29,8.66,8.85,5.25,8.37,7.06,6.77
6,Niña,4.83,7.14,5.0,5.75,5.69,6.43,5.0,5.37,5.85,6.66,7.96,5.84,5.58,5.92
10,Niña,2.75,6.23,4.68,5.73,6.22,5.7,3.71,7.68,5.55,6.97,6.64,4.47,5.4,5.68
17,Niño,7.46,4.42,5.46,7.03,5.61,4.54,5.22,8.37,7.65,6.06,7.38,7.69,6.33,6.59
8,Niña,5.23,5.71,9.19,5.94,5.9,4.53,4.56,6.26,6.82,5.9,7.68,6.94,2.32,6.35
9,Niña,4.86,4.31,8.75,8.56,5.25,6.16,7.23,7.52,4.5,7.46,8.16,6.91,6.45,7.05
8,Niña,6.32,7.87,4.35,6.75,6.41,6.81,5.35,7.6,5.81,6.38,8.57,6.07,6.11,6.59
6,Niño,6.77,7.0,7.36,8.6,5.52,5.9,3.72,9.71,6.76,10.0,8.9,8.18,7.91,7.8
6,Niña,5.52,6.0,3.06,7.49,4.78,5.95,2.03,3.74,6.8,8.08,9.08,6.46,8.46,6.03
17,Niño,6.0,8.49,5.24,5.87,7.07,5.0,4.7,6.62,7.12,9.54,7.62,5.85,10.0,6.53
17,Niño,7.12,6.6,4.42,6.73,7.12,5.11,4.71,4.82,5.31,3.78,5.47,9.18,7.43,6.07
10,Niña,5.46,4.5,7.82,4.79,7.75,4.53,4.28,6.72,6.83,9.55,6.77,7.9,6.74,6.76
11,Niña,6.45,5.88,3.81,7.03,4.97,4.97,6.35,5.53,8.23,3.56,9.19,6.95,5.59,5.84
8,Niña,3.51,8.79,6.73,5.98,5.67,6.75,2.03,6.32,3.25,5.13,7.68,3.83,4.82,5.74
17,Niño,4.14,5.56,6.0,5.46,6.6,6.93,3.27,5.39,6.63,4.45,10.0,6.69,7.96,6.17
14,Niña,6.91,6.89,5.7,8.63,5.65,3.76,4.91,6.93,4.84,7.24,7.05,6.97,6.46,6.6
10,Niña,4.06,7.54,8.84,8.04,7.04,4.37,3.68,8.31,6.96,6.87,10.0,8.9,7.18,7.4
13,Niña,6.35,7.33,8.99,8.0,6.95,4.66,4.09,6.14,5.04,8.01,7.5,4.73,6.53,6.88
6,Niña,5.78,9.93,5.75,7.74,6.92,5.7,4.68,8.85,7.17,6.78,7.0,9.03,6.57,7.09
10,Niña,5.45,4.85,5.41,5.32,8.2,3.11,6.17,8.27,9.11,8.62,6.65,7.57,6.85,6.53
8,Niño,4.76,4.99,3.44,6.32,7.14,4.39,4.6,9.75,5.73,5.59,8.29,5.43,7.18,6.18
17,Niño,7.36,4.88,5.99,6.39,6.5,3.58,1.0,7.32,5.92,8.65,5.8,8.2,8.01,6.62
6,Niña,8.59,6.09,9.32,4.75,6.05,6.44,3.59,6.61,6.39,6.86,6.84,6.68,4.53,6.75
9,Niña,6.45,8.04,5.78,6.13,6.14,5.75,5.79,4.32,7.41,10.0,7.44,4.84,7.44,6.3
10,Niña,6.48,5.06,7.24,6.14,4.92,5.06,6.33,5.53,5.68,8.12,4.79,6.42,4.44,6.02
12,Niña,4.98,8.06,3.62,6.95,4.0,4.1,6.44,6.39,6.51,6.47,7.38,7.33,7.62,5.67
6,Niño,4.21,6.55,5.26,9.84,6.9,5.08,7.0,6.57,6.13,6.85,9.56,7.08,7.01,6.97
8,Niña,5.94,4.95,6.79,6.77,7.89,4.9,5.04,10.0,6.39,5.49,8.02,7.84,6.38,7.1
7,Niño,4.54,4.05,6.18,6.95,5.87,8.42,5.33,6.39,7.43,7.4,6.71,8.43,6.44,6.73
14,Niño,3.34,4.36,7.4,6.5,8.36,7.4,2.77,4.05,7.72,6.47,6.93,5.57,6.72,6.35
15,Niña,7.21,5.57,4.98,7.69,6.07,4.69,1.0,7.7,5.08,7.91,7.9,6.97,8.25,6.8
11,Niño,7.28,6.26,3.03,5.51,3.76,6.06,1.96,7.61,7.42,5.03,6.89,6.21,8.1,5.6
15,Niño,4.71,8.38,7.91,9.08,7.49,7.31,3.4,6.01,10.0,6.44,8.06,5.38,7.92,7.07
8,Niño,6.37,7.62,4.41,6.65,5.68,4.69,2.08,9.89,9.01,5.28,6.85,6.93,4.35,6.29
13,Niño,7.5,5.33,6.86,6.33,7.61,3.53,4.21,3.86,6.17,5.36,6.27,7.56,7.42,6.19
13,Niña,6.31,7.07,6.77,7.96,4.64,2.93,3.88,8.57,7.17,7.75,8.92,7.64,2.66,6.78
7,Niña,4.21,8.81,3.17,5.73,6.84,7.84,6.68,6.26,6.96,8.47,8.35,6.49,3.09,6.36
11,Niño,5.65,9.12,7.78,7.66,5.26,5.49,2.86,5.27,7.6,3.63,5.23,5.69,8.3,5.81
12,Niña,7.99,6.06,5.04,8.49,6.56,6.27,5.08,10.0,6.45,9.51,7.1,6.16,4.18,7.46
7,Niña,6.37,7.84,6.09,6.51,7.3,4.88,3.96,7.81,6.65,8.87,8.75,4.56,6.21,6.8
16,Niña,6.81,8.45,5.39,9.26,6.99,3.77,2.79,6.25,6.05,5.01,7.3,5.45,8.75,6.44
15,Niña,6.51,4.39,8.76,7.57,6.39,4.07,3.34,6.22,8.42,8.06,6.8,5.57,7.43,6.69
7,Niña,4.72,5.78,8.28,7.59,4.51,3.65,1.0,7.11,7.4,6.26,7.2,8.1,7.09,6.35
15,Niño,5.07,9.61,2.92,8.44,7.25,7.16,6.3,6.01,7.41,6.76,7.63,8.1,6.41,6.72
6,Niña,6.51,6.08,9.84,8.76,7.64,8.19,7.6,8.65,8.58,7.74,7.28,9.77,6.7,8.26
13,Niña,7.23,2.4,4.85,7.11,4.94,5.86,4.27,6.83,8.6,7.57,7.4,7.31,5.5,6.51
6,Niña,7.65,6.33,9.57,7.76,5.14,3.37,4.86,8.23,8.36,6.1,7.32,6.37,5.73,6.79
14,Niña,4.71,8.07,5.56,8.48,7.7,6.59,4.21,7.01,8.56,6.09,6.33,7.02,6.64,6.76
16,Niño,6.65,6.51,5.42,5.41,6.03,7.82,3.16,8.0,9.03,6.17,6.27,6.78,6.87,6.43
11,Niño,7.78,7.5,5.58,4.72,5.17,7.35,6.21,8.72,5.74,8.5,6.19,6.18,6.25,6.51
12,Niño,4.52,7.81,5.32,6.73,6.65,5.75,5.44,9.22,6.61,4.29,7.61,7.42,2.92,6.42
15,Niño,8.23,6.0,10.0,4.7,5.47,5.42,1.0,7.44,7.92,6.67,8.2,7.25,9.0,6.85
12,Niña,8.46,5.77,5.87,6.42,6.51,5.74,2.73,5.4,5.85,9.1,6.37,6.89,8.0,6.72
15,Niño,9.94,6.71,5.49,7.18,5.76,7.76,1.0,6.44,6.53,7.89,5.7,6.62,6.17,6.92
8,Niña,6.35,6.75,6.13,6.47,5.87,7.02,7.91,6.66,7.25,8.37,6.45,7.82,8.05,6.73
7,Niña,6.35,6.58,4.36,6.63,7.74,5.18,4.46,5.84,6.7,6.69,9.18,6.28,5.93,6.54
14,Niña,7.24,6.63,8.72,5.6,3.09,5.14,5.28,5.59,7.09,5.27,7.12,6.48,7.01,5.86
13,Niña,7.2,5.45,3.5,7.75,7.02,5.03,4.09,6.96,5.51,6.98,7.24,7.62,3.42,6.67
17,Niña,7.69,7.55,4.96,5.52,7.53,4.1,7.01,5.23,6.95,5.94,6.54,8.31,6.91,6.23
15,Niño,7.18,7.34,7.59,4.28,5.49,7.96,6.52,4.93,7.17,10.0,8.19,8.2,6.05,6.87
12,Niño,5.84,4.63,6.07,6.55,7.52,4.54,4.37,4.16,9.1,6.68,7.35,6.66,6.85,6.24
14,Niño,7.83,5.96,6.93,7.9,5.05,6.58,8.24,7.42,6.65,7.79,6.63,5.36,9.24,6.8
9,Niño,4.39,6.63,8.61,6.9,5.44,4.74,5.17,7.21,6.15,9.28,6.26,6.62,6.47,6.56
9,Niña,6.01,5.75,7.71,5.4,5.29,5.04,1.88,6.21,7.93,5.36,7.95,7.1,5.77,6.14
6,Niño,8.35,7.39,6.23,6.92,7.54,5.62,5.0,8.19,2.87,3.71,7.82,5.55,5.79,6.72
13,Niña,4.12,6.41,9.55,7.33,4.03,6.67,5.83,5.2,6.59,7.59,6.01,6.6,4.23,6.28
17,Niño,4.98,6.74,4.93,6.91,8.43,5.39,4.53,7.27,6.33,7.85,8.97,8.57,7.15,7.1
8,Niña,7.01,5.94,5.83,6.48,5.9,3.98,3.98,6.78,7.34,6.32,6.73,7.19,7.36,6.24
12,Niña,6.59,3.71,5.95,7.38,7.1,5.83,8.33,5.59,8.62,5.28,4.83,6.3,6.6,6.21
17,Niño,4.69,3.63,5.83,4.71,6.99,4.57,2.43,5.96,9.02,7.33,9.33,7.04,7.97,6.23
7,Niña,5.38,7.33,4.18,5.73,6.5,8.27,1.0,5.85,7.32,6.87,7.38,7.11,7.99,6.34
7,Niña,4.23,6.87,3.31,5.23,5.52,5.38,8.04,7.08,4.98,7.35,8.02,6.51,6.61,5.8
12,Niño,7.47,7.11,6.71,8.42,7.92,4.73,2.35,7.59,6.33,5.31,9.51,8.0,7.44,7.38
11,Niña,5.62,6.69,4.92,7.65,5.63,8.96,4.23,6.06,6.47,7.35,6.3,4.62,9.98,6.38
8,Niño,8.69,6.8,9.24,7.02,5.35,6.98,4.05,5.63,7.48,8.05,8.08,7.61,5.18,7.28
14,Niño,6.12,7.86,5.88,5.06,7.44,4.37,7.26,6.91,7.07,4.79,8.91,6.25,7.74,6.2
15,Niño,5.67,7.12,5.57,7.69,6.49,4.53,7.67,4.22,6.11,8.94,6.38,8.36,6.64,6.5
11,Niña,5.52,7.96,7.86,8.46,8.07,6.56,2.22,6.75,5.37,7.26,9.25,5.34,8.17,7.33
15,Niña,5.63,6.74,6.68,7.49,6.22,5.87,7.51,9.04,5.87,8.09,5.81,8.22,5.23,6.99
15,Niña,6.17,6.08,5.7,6.76,5.45,7.22,7.48,5.64,5.82,5.11,7.39,5.97,6.82,6.15
11,Niño,9.77,6.77,4.91,7.56,6.66,4.74,4.84,6.43,9.11,7.86,6.21,7.42,5.41,6.87
6,Niña,5.49,5.33,10.0,7.13,5.72,6.92,6.67,8.24,6.0,4.6,8.34,6.4,3.67,6.92
9,Niño,5.54,5.97,6.62,7.91,5.49,2.22,6.87,7.83,7.08,5.57,6.34,8.47,8.75,6.27
15,Niño,6.1,6.75,7.84,7.88,7.38,5.55,4.3,6.79,8.26,7.27,6.76,6.75,5.8,7.0
11,Niña,7.64,6.73,4.26,6.53,8.68,4.81,4.48,6.61,7.25,6.51,6.45,6.06,5.15,6.52
11,Niño,3.87,6.35,5.02,6.01,5.98,5.07,5.98,4.85,5.59,6.94,6.06,8.82,5.58,5.86
16,Niña,6.68,4.56,9.59,6.32,5.03,5.64,1.54,7.44,8.28,9.6,6.58,6.64,9.42,6.92
17,Niña,4.77,7.39,8.37,7.44,6.1,7.62,4.09,4.68,7.46,6.92,7.45,7.68,8.6,6.78
10,Niña,6.83,7.67,6.78,6.39,6.97,3.95,2.4,3.6,4.16,7.89,7.38,8.22,6.15,6.47
6,Niña,5.26,8.8,5.35,5.9,6.63,2.3,7.65,8.21,8.62,6.81,7.24,5.86,7.88,5.98
13,Niña,2.54,7.12,5.6,6.8,7.85,4.14,4.07,7.28,8.14,6.77,6.7,7.55,4.78,6.26
10,Niño,6.55,6.5,4.85,8.13,7.16,7.44,5.35,8.02,7.44,5.53,7.07,7.72,7.34,7.01
17,Niño,6.54,5.08,4.03,6.96,4.87,3.17,4.36,5.6,9.13,7.42,5.6,4.99,5.81,5.51
17,Niño,5.13,8.59,7.57,6.47,5.66,4.88,4.23,7.4,8.11,10.0,6.66,7.42,7.2,6.73
17,Niña,5.04,6.85,6.92,7.18,4.5,7.14,5.22,6.04,8.47,7.02,7.23,6.54,4.3,6.35
10,Niña,4.03,6.77,7.25,6.9,7.79,5.71,3.34,6.21,8.35,6.53,7.85,9.11,5.55,6.87
12,Niña,7.16,6.14,5.43,4.48,3.71,7.61,4.4,8.16,7.98,8.5,7.71,8.13,6.79,6.5
9,Niño,7.32,6.05,6.43,7.64,4.63,2.54,4.39,6.48,4.67,8.33,6.03,7.57,6.77,6.31
11,Niña,4.68,7.46,5.27,7.29,5.63,5.29,3.95,5.66,4.83,7.51,8.01,4.35,4.16,6.01
9,Niño,5.19,5.07,4.76,6.82,7.03,7.94,5.58,4.65,8.11,6.47,7.65,7.58,4.95,6.5
8,Niño,5.91,8.78,8.83,8.07,5.62,4.0,3.91,7.24,8.6,8.5,9.23,6.01,7.18,7.03
12,Niña,9.41,8.47,6.21,8.26,5.83,7.46,8.02,8.29,6.08,7.07,5.71,8.14,6.99,7.34
13,Niña,6.82,6.0,6.86,7.76,5.85,5.42,6.06,5.53,5.55,8.18,7.34,6.79,7.55,6.74
9,Niño,4.58,5.29,7.42,5.78,6.52,6.49,2.1,7.73,7.34,5.75,8.74,6.33,6.8,6.55
7,Niña,6.46,3.68,6.23,5.82,4.71,7.82,5.9,5.29,5.11,6.08,7.14,6.43,4.81,6.12
17,Niño,3.93,4.75,6.41,8.14,5.07,6.49,3.42,7.82,6.78,7.04,6.4,6.52,5.93,6.44
15,Niña,7.08,7.52,4.15,4.55,8.49,4.85,5.07,6.75,6.54,5.17,6.52,5.25,7.35,5.93
8,Niña,8.51,6.94,4.48,6.62,6.82,6.7,3.34,7.1,6.71,6.38,8.44,5.42,4.9,6.72
6,Niño,8.52,7.19,4.39,7.33,7.29,4.74,1.0,5.65,9.45,5.11,5.64,6.56,4.7,6.25
13,Niña,7.1,3.92,7.03,4.7,6.38,6.24,4.76,7.24,6.18,4.74,7.1,9.02,6.02,6.51
8,Niño,5.12,5.95,6.12,7.08,6.12,3.8,1.93,5.8,7.07,10.0,6.45,7.93,6.93,6.5
17,Niña,4.05,8.41,4.48,7.95,6.89,5.85,5.64,6.08,5.29,6.05,6.54,8.05,3.55,6.33
15,Niño,3.9,6.37,6.99,5.02,7.25,7.7,5.15,4.42,8.22,6.17,8.03,8.56,6.11,6.42
12,Niño,1.79,4.72,6.92,8.79,7.4,5.32,3.59,5.54,6.77,7.01,7.03,7.37,7.33,6.53
15,Niña,7.04,6.34,4.82,5.59,6.14,7.55,8.45,5.91,8.53,5.41,7.78,6.41,7.64,6.25
10,Niño,5.85,5.42,5.95,7.49,7.54,10.0,2.32,7.17,3.81,6.2,6.01,6.47,4.89,7.02
15,Niña,7.36,6.97,6.93,6.7,3.09,5.75,3.55,7.59,6.92,9.47,8.5,5.93,7.1,6.62
10,Niña,8.14,6.53,4.54,6.88,7.46,6.78,2.56,5.79,7.17,7.4,7.76,8.05,8.09,7.0
12,Niña,6.15,7.26,6.96,5.26,5.75,6.56,8.88,6.45,8.18,8.28,8.99,5.78,7.47,6.57
14,Niño,6.22,4.79,6.51,8.31,7.02,6.16,7.5,9.23,6.17,9.1,7.01,9.72,5.84,7.7
17,Niño,5.3,5.87,4.3,7.19,5.46,7.06,1.96,6.9,8.02,7.19,8.04,5.83,2.68,6.36
10,Niña,5.48,8.03,6.37,8.75,4.58,5.4,3.15,5.89,6.31,6.59,8.44,8.59,6.83,6.68
6,Niña,7.09,4.6,6.62,5.29,6.74,4.74,3.22,4.18,7.12,4.89,8.02,8.6,9.03,6.22
15,Niño,5.74,5.1,4.94,6.58,4.35,3.36,3.7,5.42,8.2,6.36,9.54,7.81,7.82,5.96
15,Niña,5.52,6.78,5.07,7.05,5.78,5.25,2.71,5.36,5.79,6.67,5.5,9.11,7.71,6.17
6,Niña,5.97,6.9,4.29,6.87,5.24,7.24,3.59,9.67,7.96,5.77,7.71,6.74,6.77,6.56
7,Niño,7.33,5.82,5.24,7.6,6.07,4.3,6.81,5.43,7.44,9.06,7.01,7.17,7.93,6.6
11,Niña,4.96,6.11,5.98,6.57,7.34,6.19,8.69,6.78,6.57,8.44,6.93,7.29,6.99,6.74
14,Niño,5.9,7.25,5.07,9.35,5.66,5.6,1.71,7.26,6.13,8.28,9.29,7.77,3.71,7.17
13,Niña,6.37,7.69,3.48,6.85,6.71,4.81,2.72,8.36,4.27,6.74,6.76,4.64,7.93,6.15
10,Niño,7.74,5.0,4.83,3.34,7.26,2.84,5.23,6.71,6.9,5.45,8.52,6.86,5.12,5.89
6,Niña,5.64,7.01,5.29,6.9,5.51,7.98,1.64,5.93,6.57,8.76,6.24,8.12,6.61,6.66
12,Niña,4.92,8.62,7.39,8.31,5.53,6.63,5.28,5.84,7.83,7.37,8.72,6.52,7.68,6.81
10,Niño,5.27,6.34,7.01,5.69,8.08,10.0,5.88,7.23,7.7,7.98,7.47,9.55,5.3,7.52
11,Niña,7.58,4.99,7.42,5.62,6.2,7.53,6.2,5.67,8.39,7.77,7.16,7.17,4.92,6.8
12,Niño,9.05,4.92,4.74,5.79,6.96,7.94,5.82,5.04,8.44,7.33,5.66,7.67,7.26,6.66
8,Niña,4.03,6.27,6.24,5.51,6.95,3.0,3.73,5.93,10.0,9.7,7.16,9.02,4.72,6.38
17,Niño,4.36,7.95,1.88,6.22,4.74,2.97,4.44,4.71,7.67,5.98,6.68,7.17,6.19,5.02
15,Niño,5.75,6.44,6.73,7.89,5.31,5.87,2.44,9.48,5.88,6.47,9.6,9.0,8.31,7.27
8,Niño,6.17,6.76,7.04,8.63,6.79,3.96,5.73,7.59,8.07,9.2,7.56,7.76,9.1,7.24
10,Niño,7.18,5.11,5.4,3.89,3.61,4.71,8.01,9.13,9.09,7.01,6.78,7.76,3.65,5.92
11,Niña,4.66,7.88,6.5,6.35,6.03,9.84,5.72,7.43,7.62,6.72,6.73,5.84,6.15,6.63
14,Niña,4.41,4.9,3.42,7.16,5.18,7.7,3.41,8.99,4.24,6.55,5.87,8.44,8.53,6.39
17,Niño,6.21,5.79,4.64,7.04,7.74,4.3,6.79,7.25,7.72,7.85,9.33,6.21,5.86,6.8
10,Niño,5.61,7.38,7.3,9.08,6.75,2.01,9.53,7.79,6.18,6.58,9.01,6.76,7.77,6.88
6,Niño,7.39,3.64,6.87,4.39,7.85,4.17,5.29,3.5,5.28,6.42,7.42,8.64,7.89,6.28
9,Niña,6.73,6.74,5.3,3.69,6.25,4.91,5.91,5.33,7.24,7.83,10.0,6.52,5.52,6.15
10,Niña,6.83,5.05,7.38,9.27,6.15,5.29,6.16,6.76,5.02,7.03,7.48,7.45,7.19,7.14
17,Niña,5.84,6.52,6.24,7.7,5.9,3.75,1.59,6.79,8.33,5.49,8.82,6.93,7.28,6.43
15,Niña,9.53,6.01,5.14,6.11,5.65,7.61,3.98,6.59,7.95,6.94,8.18,6.98,7.96,6.86
15,Niño,4.74,9.45,5.69,7.01,9.79,4.66,3.77,7.38,6.89,8.85,6.81,6.81,3.9,7.01
10,Niño,6.92,5.95,5.23,7.09,7.35,6.84,6.47,7.44,6.28,7.97,7.72,5.65,8.57,6.94
12,Niño,4.1,9.08,3.99,6.09,4.91,5.89,6.24,8.0,6.76,9.03,7.95,7.71,7.6,6.31
9,Niña,4.39,7.32,8.14,6.97,9.73,7.3,4.56,7.7,5.69,5.88,5.93,7.82,4.69,7.22
6,Niña,5.09,5.38,5.03,7.23,5.77,5.42,3.65,8.51,6.9,8.4,7.85,6.24,6.3,6.6
10,Niña,8.44,6.96,4.58,9.22,6.72,4.32,1.43,8.52,3.3,5.99,8.87,6.43,7.84,7.11
12,Niño,6.4,6.07,3.4,7.96,7.52,4.84,4.77,6.96,7.12,5.17,6.67,8.19,4.78,6.48
15,Niño,5.11,6.84,1.52,8.89,4.3,4.86,2.89,9.82,7.15,5.78,7.25,6.66,5.02,6.08
15,Niña,6.56,5.5,7.19,5.19,5.22,9.1,2.64,8.74,8.1,7.08,6.17,7.12,6.53,6.76
11,Niño,6.05,8.87,7.35,6.38,8.44,5.92,6.65,5.49,7.39,8.34,6.92,5.85,5.8,6.82
10,Niña,5.26,7.8,8.03,7.09,6.01,5.81,6.44,7.29,8.27,7.33,7.01,6.92,6.9,6.73
9,Niña,3.91,6.54,5.75,4.49,7.6,7.21,3.82,3.94,7.71,6.69,9.39,5.86,7.82,6.09
7,Niño,8.16,8.92,5.45,8.22,5.71,5.8,1.66,4.19,8.35,5.45,7.12,6.21,6.94,6.33
9,Niña,6.31,6.6,5.14,7.57,6.18,7.59,3.15,5.95,10.0,7.89,6.86,6.01,6.48,6.64
15,Niño,9.26,8.04,5.29,6.36,8.62,5.2,6.79,5.39,7.55,8.25,7.39,8.12,7.82,7.14
15,Niña,7.41,6.55,7.9,6.58,6.87,5.04,5.74,5.96,7.24,7.32,5.45,5.27,6.33,6.45
8,Niño,6.83,7.05,5.95,8.3,5.85,4.23,3.86,7.19,8.54,5.43,4.67,7.35,5.31,6.29
15,Niño,5.35,6.39,6.64,5.85,5.41,8.76,4.92,8.54,6.39,8.03,5.84,6.71,8.35,6.68
6,Niño,4.36,6.63,5.25,8.35,5.53,5.69,1.0,8.46,6.85,8.62,7.89,8.82,2.63,6.99
13,Niña,5.67,6.74,8.25,6.5,7.91,3.92,1.0,7.32,7.55,9.05,7.5,8.01,6.6,7.13
10,Niña,4.31,5.56,2.76,7.71,7.3,6.11,8.75,5.07,7.09,6.29,8.54,5.39,5.92,6.1
9,Niño,6.98,5.94,3.93,6.9,4.81,4.76,5.81,5.86,7.09,7.51,5.68,6.27,5.02,5.85
13,Niño,8.45,6.2,6.65,9.48,6.41,5.18,4.8,7.66,8.17,6.15,7.26,6.98,6.98,7.22
12,Niña,5.61,6.82,8.98,5.74,6.21,6.3,4.01,5.46,4.8,5.61,5.59,6.27,7.24,6.17
7,Niña,7.42,6.46,5.62,6.11,6.71,8.23,1.28,4.8,9.64,9.12,7.82,8.18,5.17,7.04
6,Niña,4.97,8.14,4.57,4.99,5.52,5.96,6.79,7.44,7.63,7.69,5.85,7.22,4.27,5.95
17,Niño,5.55,7.69,7.7,5.48,7.73,4.66,2.53,6.63,6.48,8.71,7.21,6.75,4.41,6.7
16,Niña,4.78,6.23,6.55,7.66,6.3,4.99,6.21,6.38,9.12,5.19,7.75,8.28,9.4,6.48
9,Niña,2.8,8.43,8.19,8.72,6.79,6.85,5.06,8.36,7.13,7.3,7.03,5.47,9.58,6.93
13,Niño,5.95,9.12,3.81,7.79,5.28,2.67,4.7,8.33,7.17,7.61,4.79,6.65,6.55,5.94
17,Niña,6.19,3.64,8.06,6.79,5.35,4.13,2.2,9.37,6.72,5.73,9.49,7.32,4.31,6.85
7,Niña,7.6,7.81,3.37,5.73,9.75,6.14,2.22,5.72,8.91,8.98,6.9,6.82,6.27,6.88
8,Niña,7.19,5.53,5.51,7.88,8.64,3.07,5.58,7.34,6.99,6.56,5.57,2.96,2.98,6.3
17,Niño,7.21,7.62,6.7,5.66,6.21,5.3,4.96,6.73,6.27,7.54,8.41,7.44,7.0,6.71
6,Niño,4.54,8.23,6.32,5.18,8.29,5.03,4.89,7.21,8.3,6.13,8.46,7.65,4.91,6.56
6,Niño,6.69,5.27,7.8,6.43,7.88,7.2,5.37,5.0,8.54,5.23,7.14,5.68,4.56,6.62
8,Niño,8.37,3.91,2.89,4.36,5.49,5.4,1.0,4.6,9.09,8.18,9.34,4.16,8.06,5.77
16,Niño,6.57,7.67,6.24,5.14,5.36,7.7,6.83,6.64,7.82,7.43,6.61,6.12,6.25,6.31
10,Niño,8.74,6.69,8.04,9.06,7.17,5.93,4.09,5.44,8.49,7.23,7.71,6.74,7.89,7.42
17,Niño,9.03,4.16,6.1,4.92,6.64,8.64,7.14,8.11,6.66,6.51,8.11,6.86,8.43,7.07
8,Niña,5.6,10.0,4.06,5.37,5.78,3.58,1.0,4.45,8.33,7.39,9.32,4.44,6.36,5.56
6,Niña,4.95,7.37,7.71,6.89,7.24,8.39,5.94,4.57,7.97,8.67,5.17,7.26,6.49,6.79
6,Niño,4.86,7.44,4.9,6.95,4.42,5.14,5.92,6.08,7.69,5.94,10.0,8.34,8.19,6.23
13,Niña,3.73,8.41,4.6,6.52,6.45,8.16,1.83,4.39,4.98,7.68,8.91,8.24,5.64,6.52
15,Niña,5.22,5.69,4.38,4.4,4.69,7.7,3.52,9.21,6.5,7.18,8.04,8.59,8.35,6.4
16,Niño,7.81,6.68,5.66,7.82,4.73,1.24,2.68,6.43,6.94,6.64,6.54,5.42,3.26,5.86
17,Niña,2.69,4.65,6.31,6.27,5.38,6.57,6.53,5.8,7.69,4.6,6.44,8.14,5.93,5.8
17,Niña,4.44,5.65,3.84,8.26,6.77,7.4,5.42,7.4,10.0,6.88,7.85,5.79,6.8,6.62
7,Niña,5.81,7.04,4.19,6.03,5.42,7.93,8.0,8.03,8.12,7.84,8.09,8.03,4.57,6.71
8,Niña,4.68,4.17,4.82,7.98,4.72,3.92,5.21,7.01,5.95,7.35,7.94,6.04,7.09,6.08
7,Niña,5.21,5.61,4.38,8.36,6.92,6.74,6.26,6.6,6.38,4.89,7.69,7.46,6.78,6.59
8,Niño,5.23,5.2,6.06,6.24,8.24,6.11,7.14,5.22,8.81,8.65,8.02,9.0,5.33,7.0
12,Niño,5.61,6.7,6.61,7.86,7.13,6.49,5.91,7.65,6.32,9.21,4.88,8.21,5.27,7.11
6,Niño,4.91,7.3,6.38,5.21,8.64,7.4,4.03,8.83,8.32,6.75,7.18,5.8,5.1,6.8
15,Niña,4.78,7.54,6.38,7.12,8.13,7.65,3.66,6.37,7.15,10.0,5.84,5.52,3.99,6.94
13,Niño,7.4,7.9,8.84,8.27,5.67,4.75,4.64,5.43,6.78,5.74,7.45,8.01,9.08,6.85
15,Niña,7.57,8.42,6.72,7.42,7.12,6.22,6.39,6.97,6.34,5.12,9.07,8.72,6.16,7.22
15,Niña,3.93,7.35,7.33,9.69,6.18,5.87,3.27,6.7,3.04,5.48,6.41,7.56,4.34,6.71
15,Niña,1.86,9.14,5.3,7.49,7.68,5.42,6.1,4.88,7.7,7.24,6.65,6.34,6.3,6.04
7,Niña,7.6,6.67,7.6,6.36,6.18,5.57,5.45,5.95,5.63,4.41,6.48,7.05,6.88,6.35
8,Niño,4.16,6.26,5.21,10.0,5.27,6.11,2.29,9.38,5.16,6.46,6.64,7.56,5.19,6.84
14,Niño,6.32,7.35,6.7,8.76,8.09,4.84,6.01,4.68,7.32,10.0,8.16,6.88,5.92,7.29
12,Niña,3.65,6.2,3.67,4.88,6.71,7.21,5.08,5.66,8.34,4.79,8.44,5.8,8.59,5.66
9,Niño,7.95,9.09,6.28,5.86,5.44,7.83,3.7,5.28,4.79,6.13,9.26,8.38,4.63,6.81
15,Niña,9.82,8.08,4.34,5.55,5.65,4.49,5.05,5.41,8.3,5.45,6.29,9.44,5.57,6.2
10,Niño,6.27,7.55,7.59,7.57,5.43,7.91,3.78,6.03,5.83,6.5,8.32,8.85,3.29,7.1
7,Niño,5.86,6.68,7.49,7.49,5.0,4.49,5.3,7.37,7.84,6.41,8.52,4.18,9.42,6.3
16,Niña,5.52,5.93,5.21,7.48,5.68,7.24,4.46,8.66,7.75,5.96,9.48,8.5,7.55,7.03
13,Niño,7.17,7.48,9.48,4.84,6.78,7.91,1.74,7.0,6.73,6.68,6.38,7.75,6.42,6.98
9,Niña,6.85,4.92,5.51,6.03,6.38,5.65,4.52,5.67,7.04,7.79,5.1,6.15,5.35,6.13
14,Niño,7.51,8.65,3.26,6.62,5.73,4.5,3.91,9.01,6.48,8.84,7.17,4.45,5.27,6.33
10,Niña,5.06,6.25,4.68,4.61,8.24,4.86,6.07,3.6,7.34,6.5,10.0,6.85,6.07,6.08
14,Niña,6.51,6.93,4.22,5.75,3.69,6.38,6.56,7.71,7.33,6.91,6.19,7.47,7.29,5.96
9,Niño,5.19,5.23,6.65,8.43,6.7,8.94,3.78,5.16,5.8,7.55,8.08,5.56,4.8,6.98
15,Niño,4.41,7.51,3.9,4.94,6.11,3.09,3.22,6.62,5.23,5.17,4.84,8.6,5.76,5.32
10,Niña,5.94,5.86,5.08,8.55,5.04,5.96,1.44,7.54,8.31,6.69,9.68,8.57,7.87,6.98
14,Niño,4.62,7.41,6.53,8.11,6.77,5.66,3.17,4.29,7.27,6.19,5.25,7.61,9.07,6.25
13,Niño,7.76,7.56,6.24,6.45,6.01,5.07,4.15,6.91,8.13,8.23,4.63,5.22,7.37,6.28
8,Niña,4.71,5.59,5.98,6.02,7.92,5.67,2.12,7.03,6.13,9.35,7.62,6.66,5.44,6.79
6,Niña,6.55,4.93,6.21,7.8,7.43,4.93,6.59,8.89,5.93,5.81,7.64,7.94,6.25,7.08
8,Niño,5.09,8.64,5.37,5.85,8.78,7.79,5.32,10.0,5.68,8.69,9.2,7.86,7.16,7.6
9,Niña,6.42,6.23,3.27,5.91,5.67,7.95,4.56,4.37,6.77,4.86,8.52,6.09,6.03,5.89
7,Niña,5.21,6.81,5.33,6.77,8.12,5.94,4.77,8.83,7.3,7.18,5.1,6.28,7.64,6.62
6,Niña,4.11,7.18,6.8,4.24,4.78,5.57,5.41,6.64,6.29,7.26,7.32,6.06,5.33,5.73
12,Niño,6.73,4.74,5.77,5.06,6.16,5.01,6.07,5.49,9.03,4.82,6.66,6.63,9.08,5.79
13,Niño,5.65,7.15,6.67,6.42,5.7,5.94,6.42,7.25,6.17,5.74,5.9,6.37,6.36,6.17
12,Niña,6.43,6.64,5.0,7.37,7.08,8.76,4.18,4.75,7.32,5.6,8.02,6.13,5.49,6.64
10,Niño,5.36,5.6,7.69,5.84,7.05,5.63,4.52,4.84,5.85,5.06,8.75,6.82,7.45,6.35
17,Niña,4.01,4.88,1.65,6.56,5.13,4.46,5.15,4.1,6.12,3.17,6.53,7.05,4.93,4.85
6,Niño,7.62,7.35,6.24,4.86,7.16,5.16,4.43,7.52,6.89,6.61,7.1,8.41,6.74,6.67
12,Niña,7.11,8.08,8.29,7.92,5.81,7.01,6.54,7.19,5.92,6.78,7.18,4.68,8.74,6.88
12,Niña,5.15,6.75,8.55,7.06,5.24,4.65,7.25,5.48,7.12,6.77,6.71,8.59,4.55,6.43
14,Niño,6.1,4.49,5.61,7.17,6.28,5.75,5.49,8.99,7.57,7.97,6.99,6.03,8.41,6.76
8,Niña,7.56,5.02,3.75,7.39,4.38,6.56,2.98,5.71,8.42,4.19,6.71,9.42,4.43,6.15
14,Niño,5.31,5.9,8.32,6.89,7.51,4.77,5.82,8.62,5.6,6.37,7.65,7.88,7.81,7.05
6,Niño,5.55,8.69,5.91,6.22,6.23,2.98,5.57,6.88,7.22,10.0,6.8,7.71,4.99,6.45
6,Niña,6.37,6.15,5.73,8.16,6.26,4.09,2.82,5.69,6.92,8.14,8.01,6.86,8.41,6.65
9,Niña,5.31,5.84,4.48,6.99,6.19,4.43,5.57,6.53,4.6,8.15,6.79,9.68,5.58,6.51
14,Niño,7.29,4.16,3.88,6.6,8.44,5.43,3.71,4.82,5.53,5.48,8.28,6.96,5.93,6.47
11,Niña,5.75,5.58,6.96,6.79,8.27,5.87,6.29,7.03,7.62,6.63,6.77,8.97,5.0,7.06
16,Niña,4.82,4.77,7.14,6.76,8.06,7.12,5.8,6.75,5.24,3.68,8.23,6.25,2.64,6.62
8,Niña,6.91,5.1,6.34,6.59,6.19,3.84,5.25,7.49,6.9,7.72,6.48,7.93,4.67,6.59
6,Niña,4.29,6.67,4.7,7.34,4.85,6.89,4.88,8.02,4.24,8.86,8.56,9.47,3.8,6.91
9,Niña,9.02,5.94,4.19,5.68,6.28,5.21,1.0,6.87,6.87,4.87,5.37,5.9,3.23,5.94
17,Niño,8.37,8.88,3.57,5.76,6.71,2.94,2.37,4.49,4.33,5.28,7.49,7.64,6.97,5.85
14,Niño,6.77,8.01,5.05,7.47,7.36,5.82,4.54,8.1,6.21,6.86,6.82,6.08,8.94,6.77
8,Niña,6.64,5.65,4.29,6.63,6.7,7.91,7.84,6.72,6.43,7.11,7.44,7.56,9.38,6.77
17,Niña,6.57,5.22,3.09,7.97,4.97,7.21,5.93,3.86,7.16,6.14,6.08,9.46,4.64,6.18
14,Niña,5.27,8.44,7.11,7.29,5.6,5.68,8.43,7.16,6.67,5.76,7.27,5.79,6.32,6.34
12,Niño,6.45,8.82,3.76,6.14,5.49,7.6,4.97,7.28,5.39,5.77,6.17,7.2,8.36,6.17
17,Niña,4.62,3.43,7.67,7.49,7.0,6.11,4.74,6.16,5.42,6.83,7.21,5.92,4.4,6.63
9,Niño,6.76,6.63,6.67,8.24,7.03,7.37,7.65,6.4,4.9,7.72,7.1,6.83,8.43,7.18
8,Niño,7.3,6.15,6.5,7.34,7.2,3.14,4.48,5.81,7.27,6.83,7.9,7.81,8.45,6.71
15,Niño,5.43,7.41,8.83,7.6,6.69,3.8,2.83,7.32,7.21,6.7,7.58,6.61,3.39,6.77
10,Niña,5.11,9.22,3.81,6.59,3.62,6.97,5.43,6.91,7.87,4.44,9.75,9.05,2.73,6.14
10,Niño,4.18,5.82,7.49,7.99,4.06,8.26,7.05,5.34,6.35,8.11,6.89,7.63,5.86,6.6
8,Niña,8.19,3.62,5.49,6.1,6.12,6.47,3.15,9.13,4.75,6.83,7.34,5.28,8.0,6.71
17,Niño,5.23,7.31,10.0,7.21,6.43,5.0,5.98,5.7,6.59,6.29,10.0,7.42,4.07,7.01
14,Niña,5.7,8.45,5.35,9.88,7.93,4.44,4.61,2.64,7.01,7.26,7.23,8.9,3.24,6.82
9,Niño,6.45,6.07,5.08,7.45,6.4,5.3,5.7,5.99,5.49,5.72,8.64,7.71,6.6,6.57
16,Niña,6.42,5.51,6.72,6.3,5.03,7.74,5.43,8.25,5.61,6.32,8.19,7.34,7.51,6.8
10,Niño,7.12,5.89,5.64,6.29,7.16,5.25,3.97,6.39,7.59,7.05,10.0,6.61,5.41,6.82
9,Niña,5.43,7.69,4.71,6.71,6.28,7.48,4.59,4.25,7.13,5.95,5.78,6.87,5.54,6.0
10,Niña,4.29,5.86,4.35,7.82,5.78,6.84,4.09,5.16,8.47,4.6,5.65,7.01,7.5,5.83
12,Niña,4.03,6.96,8.48,6.97,4.2,8.54,5.04,5.08,9.24,4.37,6.16,3.82,5.11,5.72
14,Niña,5.13,6.54,4.02,6.02,6.41,6.12,3.11,5.84,5.05,7.52,7.71,7.6,5.23,6.26
12,Niño,4.57,6.39,6.38,6.02,6.6,5.72,3.59,6.31,6.46,6.86,6.3,8.3,6.94,6.34
10,Niño,5.54,7.48,7.8,6.98,5.01,7.56,3.97,7.44,7.16,6.81,4.94,6.03,7.12,6.41
15,Niña,7.96,5.83,7.88,6.85,7.27,4.3,5.58,6.89,7.47,5.27,6.39,7.3,6.14,6.72
15,Niño,5.43,5.9,4.98,7.35,7.15,5.09,1.97,6.96,8.32,6.87,7.94,7.46,8.88,6.65
12,Niña,5.43,7.62,5.65,7.9,6.36,3.11,4.59,9.37,7.95,6.34,6.42,8.05,7.7,6.58
15,Niña,5.98,5.12,5.32,10.0,6.32,3.79,3.38,7.99,8.48,6.06,8.87,7.02,5.94,6.95
10,Niño,5.39,5.27,3.39,5.05,7.53,8.88,3.98,7.86,7.08,6.79,6.15,7.7,4.43,6.5
8,Niña,5.9,4.74,6.91,7.62,6.78,6.91,3.48,3.98,6.18,7.32,7.52,5.49,8.09,6.56
12,Niña,6.81,7.69,6.07,6.92,5.39,3.61,5.19,5.57,9.53,9.35,7.03,5.68,8.14,6.26
16,Niño,7.33,6.35,8.45,4.59,6.04,7.71,4.49,4.3,7.2,7.69,7.73,7.56,6.34,6.67
16,Niña,7.5,4.66,4.6,8.3,7.02,4.67,6.22,5.55,6.69,8.1,7.85,6.7,6.94,6.8
7,Niña,9.09,7.7,7.85,7.31,3.66,6.83,5.6,7.89,5.61,8.45,9.4,4.95,7.62,7.09
17,Niña,6.85,5.72,7.97,7.76,5.09,6.8,1.73,6.11,7.21,5.83,8.33,7.45,9.06,6.86
14,Niña,9.35,5.28,6.08,4.76,7.19,8.46,2.88,8.31,8.31,6.45,7.0,5.34,7.92,6.89
15,Niño,4.84,6.23,2.31,6.54,7.87,4.94,4.45,7.74,6.35,5.63,8.24,10.0,7.21,6.53
15,Niño,9.14,8.57,5.13,5.5,7.63,4.62,4.71,6.78,6.83,5.95,8.4,4.17,7.99,6.39
17,Niño,5.43,5.95,9.04,9.4,7.46,1.5,3.06,8.34,7.32,6.3,9.95,7.07,8.34,7.29
6,Niña,5.58,7.31,6.5,8.17,6.47,5.61,7.41,8.75,7.61,5.91,7.31,5.55,6.93,6.72
11,Niña,5.82,7.52,7.18,5.98,4.96,6.96,6.53,7.38,6.66,7.21,7.4,8.19,7.97,6.66
12,Niño,5.67,7.12,5.85,4.96,6.04,7.18,1.51,7.04,6.49,7.51,9.07,6.48,5.42,6.53
13,Niña,6.13,8.28,5.62,7.03,3.71,7.8,5.49,7.65,6.34,5.07,5.1,8.32,8.16,6.18
15,Niña,5.13,5.51,2.83,8.11,7.99,6.26,4.71,4.59,5.56,6.46,7.25,8.0,5.43,6.47
14,Niña,7.24,5.04,7.35,4.72,5.24,6.61,7.29,6.52,6.0,6.48,8.33,5.61,4.89,6.31
7,Niña,5.17,5.01,7.84,5.68,5.61,5.91,1.66,6.66,5.96,4.84,8.76,6.05,6.29,6.22
16,Niño,6.98,6.3,4.38,5.47,7.68,6.93,8.92,6.15,5.0,5.83,4.85,6.55,4.35,6.14
15,Niño,8.29,5.17,5.7,7.84,4.2,4.31,3.11,5.52,8.29,8.12,5.89,6.91,5.55,6.28
7,Niño,5.46,6.71,5.47,6.36,4.75,3.55,5.56,8.2,7.47,8.1,4.51,6.74,7.11,5.87
10,Niña,7.19,6.61,6.71,6.41,6.65,4.47,3.59,6.96,7.18,4.62,8.55,7.95,6.94,6.6
10,Niño,6.84,7.93,5.07,7.01,6.98,6.14,4.05,7.09,8.7,7.56,7.75,7.3,7.52,6.87
11,Niño,9.38,6.91,7.58,5.75,6.21,3.72,1.42,8.84,7.93,4.84,9.2,6.2,7.55,6.77
8,Niña,5.24,5.92,6.12,5.07,6.25,4.79,7.19,6.41,5.97,6.34,7.54,5.81,7.1,5.92
13,Niña,7.19,7.08,1.67,8.44,7.95,4.84,4.26,6.12,8.53,6.76,10.0,5.94,5.14,6.71
6,Niño,3.56,5.06,6.75,8.55,7.13,7.05,4.4,8.74,8.26,7.95,6.37,7.43,7.98,7.14
11,Niño,5.26,6.45,7.69,7.02,6.95,6.86,9.42,4.46,5.55,6.66,7.06,6.75,6.32,6.57
9,Niño,6.53,6.95,4.04,7.1,7.31,5.91,6.72,6.78,8.17,5.48,8.0,9.7,6.88,6.81
6,Niño,8.09,6.68,6.69,8.31,5.91,6.52,3.46,5.59,6.39,5.24,6.64,7.0,6.67,6.71
12,Niña,4.16,7.08,9.11,6.99,9.13,6.55,3.58,7.14,8.3,7.14,8.0,7.25,9.02,7.35
14,Niño,7.18,5.6,6.19,6.3,3.3,5.22,5.32,7.56,6.56,6.01,7.37,4.66,4.59,5.86
9,Niño,5.91,8.11,7.94,6.85,8.2,4.93,6.34,7.64,6.31,6.33,7.3,5.26,5.95,6.79
9,Niña,3.72,9.05,5.25,8.47,7.47,8.26,8.3,8.24,6.44,8.26,7.35,5.54,7.35,7.05
11,Niño,6.27,4.26,5.97,6.86,6.62,1.82,1.58,6.32,5.74,7.51,8.35,6.31,6.54,6.28
17,Niña,8.56,4.8,5.65,6.0,6.4,4.61,6.25,6.41,5.08,9.12,7.09,5.07,5.72,6.51
8,Niña,4.32,6.56,5.34,6.98,6.1,5.47,6.58,7.49,3.75,5.47,6.16,5.5,3.43,5.94
17,Niña,5.84,6.14,5.75,7.59,7.73,6.7,3.22,8.03,5.63,5.91,7.58,7.86,6.04,7.06
11,Niño,4.52,9.15,3.23,7.44,6.25,7.62,4.08,4.75,10.0,7.16,6.74,5.88,7.08,6.04
12,Niño,5.3,6.81,5.44,7.46,5.35,8.77,1.54,7.17,7.62,9.45,6.3,6.95,7.37,6.86
16,Niña,8.15,8.45,8.27,5.81,7.47,5.65,3.8,6.11,9.42,5.79,5.42,7.77,6.23,6.71
15,Niño,5.59,3.63,4.36,7.72,8.36,5.76,5.26,6.83,6.59,6.95,8.62,8.23,6.78,7.05
15,Niño,8.1,7.64,4.19,6.83,3.79,6.38,7.99,6.16,6.39,8.75,8.29,7.38,4.67,6.52
8,Niña,7.66,5.5,6.1,5.95,9.36,4.95,8.17,5.62,9.23,6.97,9.19,7.46,7.12,7.09
12,Niña,5.46,5.48,6.19,7.71,4.95,3.91,2.74,5.17,7.49,8.33,7.5,8.27,6.52,6.38
8,Niño,5.25,6.15,6.64,6.26,5.05,5.65,7.72,6.47,5.76,9.64,8.79,7.54,6.76,6.69
7,Niña,4.66,4.51,5.81,4.91,4.68,6.99,1.0,7.24,7.82,7.31,6.37,8.35,6.15,6.11
17,Niño,4.6,7.12,6.12,5.6,6.3,5.41,3.63,5.8,8.63,7.54,5.21,4.21,6.84,5.67
15,Niño,6.53,6.77,5.4,6.58,4.64,6.46,4.2,8.48,5.14,7.94,6.6,6.89,7.52,6.51
9,Niño,5.97,6.87,3.83,7.49,4.79,2.81,5.3,10.0,7.6,5.63,7.25,7.07,6.91,6.1
17,Niño,5.06,7.74,5.88,5.76,5.4,5.83,5.01,7.32,5.23,4.83,7.93,6.85,3.58,6.04
13,Niña,3.68,8.62,7.23,6.51,6.48,5.15,5.53,6.64,8.56,7.12,9.04,7.16,6.94,6.55
14,Niña,6.16,5.99,6.88,5.34,6.61,3.76,4.43,5.33,7.3,6.02,7.89,6.47,5.88,6.04
12,Niña,5.3,7.17,3.03,7.98,7.91,6.85,6.72,7.26,7.82,8.37,10.0,8.03,5.37,7.27
6,Niña,5.71,6.91,6.43,8.86,7.88,8.75,6.18,8.92,6.72,7.34,7.64,6.3,8.66,7.62
8,Niño,6.46,7.03,4.48,8.73,7.63,7.38,4.22,9.62,4.68,8.35,7.62,6.72,5.01,7.52
17,Niño,2.25,7.05,8.37,7.96,5.96,7.49,6.48,8.79,6.43,5.22,7.91,8.88,5.19,6.98
14,Niña,3.7,8.73,6.55,7.84,3.91,6.94,8.94,7.96,8.21,8.3,7.95,8.7,2.91,6.77
17,Niño,9.44,5.86,7.52,4.31,3.88,6.83,3.45,7.32,9.59,3.68,7.94,7.2,8.8,6.22
6,Niño,5.24,4.36,6.04,7.01,7.62,2.92,8.15,5.13,7.37,5.33,6.02,6.17,7.93,5.88
14,Niño,2.22,5.52,5.89,6.2,7.4,5.6,3.63,6.55,6.11,7.79,8.52,4.88,5.97,6.18
13,Niña,3.83,7.56,8.54,7.86,5.5,6.61,7.62,6.38,7.7,6.2,10.0,6.83,7.48,6.84
6,Niña,9.73,6.53,7.65,3.75,4.43,6.65,3.71,6.56,8.09,6.33,6.44,7.66,2.94,6.33
11,Niña,4.95,5.85,6.2,7.03,4.94,7.83,6.33,5.62,7.17,7.05,7.45,6.06,7.26,6.31
10,Niño,7.74,4.99,5.66,6.54,6.53,4.15,5.16,7.84,7.09,8.89,5.85,7.01,5.13,6.67
11,Niña,6.18,6.81,3.1,8.14,6.53,6.77,1.23,6.29,7.28,4.21,8.4,6.55,9.18,6.35
15,Niña,5.27,7.4,6.55,8.66,7.66,4.1,8.63,6.17,7.06,8.65,8.4,4.76,7.09,6.84
17,Niña,7.16,6.93,5.79,5.69,5.71,5.46,3.01,5.63,7.39,8.73,5.7,7.15,6.71,6.27
10,Niña,2.42,6.15,6.94,5.74,5.98,5.7,2.26,7.05,9.38,6.19,5.93,7.57,5.19,5.94
11,Niña,3.84,6.71,7.46,7.08,7.76,7.18,3.52,8.95,4.36,5.93,5.0,7.21,5.2,6.78
10,Niña,5.26,6.7,8.1,8.88,3.54,6.99,9.86,6.68,6.69,6.73,9.38,9.1,7.45,7.09
16,Niño,3.99,6.77,6.57,6.87,6.71,5.99,2.29,7.12,5.79,5.9,6.49,6.58,5.17,6.3
17,Niño,5.13,4.84,4.22,5.27,5.87,2.36,5.16,9.6,8.54,7.38,7.34,6.48,5.11,5.92
10,Niña,7.28,6.78,2.35,6.07,7.23,6.51,2.55,8.51,6.82,7.57,7.06,9.82,8.75,6.9
9,Niña,6.2,5.88,4.6,7.04,6.97,5.37,2.9,7.58,7.73,4.72,8.69,5.38,6.96,6.36
8,Niño,8.0,7.96,8.27,7.09,5.39,8.03,1.6,7.52,8.86,5.61,8.29,6.19,4.75,7.06
8,Niño,6.29,6.69,9.1,5.96,5.64,7.65,5.43,5.8,5.59,5.24,8.23,7.47,7.38,6.72
9,Niña,7.49,7.67,5.6,6.05,3.31,4.3,4.48,5.65,6.31,7.2,6.53,8.46,6.05,5.93
14,Niña,5.9,6.08,3.52,5.62,7.27,6.73,2.54,6.91,8.72,8.12,8.32,8.22,3.67,6.71
7,Niña,5.11,6.13,4.9,8.17,6.61,6.76,6.55,6.95,5.54,5.4,8.61,5.65,5.7,6.56
14,Niña,8.22,8.59,7.93,5.8,8.12,6.65,6.76,5.43,6.36,8.11,8.28,9.12,4.82,7.46
6,Niño,4.94,7.11,5.0,6.24,5.78,6.44,5.61,7.75,4.92,5.61,5.95,7.6,6.91,6.13
6,Niña,6.52,5.5,7.0,6.21,7.49,6.81,7.14,6.28,8.77,7.91,6.14,5.93,5.45,6.71
10,Niña,7.15,7.76,6.29,4.87,4.91,8.2,4.1,8.39,6.24,6.5,9.58,6.04,6.65,6.68
11,Niña,7.26,5.75,7.21,5.76,2.78,4.92,5.44,6.62,7.46,6.28,9.83,7.09,7.57,6.2
11,Niña,4.25,6.82,9.09,8.27,6.18,4.35,4.11,6.48,7.88,8.5,7.42,9.8,10.0,7.16
8,Niño,7.58,9.07,7.0,5.35,5.56,7.05,1.79,5.29,5.96,9.4,7.41,7.28,9.67,6.74
12,Niño,4.53,4.5,6.25,5.64,4.93,2.79,5.24,5.46,4.52,4.18,7.69,9.79,6.86,5.65
14,Niño,7.22,6.25,9.28,5.2,7.47,6.85,5.12,8.68,6.71,7.74,8.19,8.14,6.42,7.51
16,Niña,6.8,7.07,6.59,6.69,7.87,6.56,4.74,7.1,6.69,7.15,5.77,5.36,5.55,6.72
17,Niña,7.23,7.57,4.65,9.06,6.44,2.05,5.55,7.28,6.92,7.82,7.78,8.83,3.87,6.89
15,Niño,4.19,4.76,7.17,6.64,6.06,4.78,7.62,9.1,6.93,4.89,6.26,5.77,2.84,6.12
13,Niña,6.88,4.35,6.76,6.88,6.38,8.32,4.39,4.72,6.35,5.38,7.48,6.2,5.15,6.56
11,Niña,7.63,8.03,5.48,5.85,5.45,3.47,2.89,7.71,6.3,5.96,6.44,7.36,9.12,6.1
17,Niño,6.29,5.49,5.12,6.73,7.03,6.14,4.3,4.32,7.39,7.2,6.72,6.96,9.06,6.34
13,Niño,4.77,5.43,5.49,8.27,4.3,4.19,4.53,6.04,5.93,5.87,7.72,8.16,6.61,6.11
17,Niño,7.38,8.67,5.1,6.97,4.9,4.67,6.77,4.98,6.88,6.45,6.76,7.65,7.24,6.08
10,Niño,6.17,6.6,5.55,9.36,5.27,8.87,5.01,7.99,6.27,8.06,6.18,6.85,5.53,7.16
13,Niña,3.49,6.61,4.57,8.31,7.0,6.0,2.5,3.87,7.38,9.77,9.24,9.21,6.45,6.91
15,Niña,4.66,6.25,6.66,6.7,5.91,6.63,6.41,6.35,8.44,7.96,6.2,6.38,5.26,6.37
17,Niño,5.21,4.79,6.53,6.67,8.07,5.62,6.09,4.96,8.49,8.1,4.73,5.7,5.26,6.3
9,Niña,8.26,7.45,6.59,8.76,7.34,3.38,5.01,5.42,8.68,6.65,8.18,7.6,7.48,7.02
15,Niño,8.0,7.07,5.89,6.96,5.26,3.9,6.7,5.65,6.57,5.65,7.15,6.98,5.53,6.16
13,Niño,7.99,6.74,5.7,8.49,7.12,7.69,7.03,8.68,6.67,6.44,7.46,7.32,7.29,7.47
15,Niña,6.35,6.34,8.45,9.2,5.77,6.04,4.05,6.2,5.35,6.82,7.69,7.96,6.26,7.2
17,Niño,7.37,6.09,6.11,6.55,6.92,4.57,3.0,9.29,6.55,5.28,9.02,6.76,8.77,6.86
7,Niña,4.29,7.78,8.15,7.22,7.41,5.76,4.78,9.6,6.6,8.04,9.74,9.42,7.38,7.69
17,Niña,6.01,6.3,4.31,7.98,7.75,6.86,5.87,9.87,6.2,9.03,7.8,7.34,6.89,7.48
17,Niña,6.68,6.41,7.0,7.72,6.56,6.53,4.59,6.61,6.19,7.07,6.09,6.41,4.21,6.78
10,Niña,4.39,7.24,4.75,7.71,8.38,4.57,2.82,7.02,4.79,8.42,7.68,7.77,5.72,6.87
14,Niño,6.31,6.79,5.05,5.2,6.87,3.28,5.13,7.27,5.26,8.59,8.21,6.89,6.42,6.37
9,Niña,8.53,8.8,5.3,5.78,6.48,5.15,1.0,6.15,7.06,5.45,8.7,7.15,6.59,6.48
16,Niño,6.84,4.03,5.19,6.21,5.91,7.57,4.15,7.34,7.11,4.47,7.66,5.56,7.56,6.28
11,Niño,7.38,6.92,5.2,8.26,5.48,7.17,6.5,5.3,7.63,6.2,6.83,5.71,6.83,6.44
6,Niño,2.32,5.51,8.07,5.32,6.85,6.46,6.61,3.89,6.66,7.03,6.41,8.38,4.85,6.08
14,Niño,8.34,5.18,6.08,8.63,6.43,5.53,1.0,7.77,7.02,5.23,7.36,5.4,7.45,6.83
6,Niña,5.72,5.86,6.38,7.74,6.64,4.97,4.41,6.18,8.63,8.89,5.7,6.84,5.76,6.62
10,Niña,4.85,6.58,5.22,8.19,6.92,5.56,6.0,5.23,6.93,9.63,7.97,7.42,5.46,6.86
9,Niño,5.74,6.64,7.46,5.68,6.63,7.05,2.45,5.42,6.18,7.15,7.71,8.84,4.74,6.78
17,Niño,3.77,4.38,6.6,6.89,8.92,7.42,4.06,8.97,5.45,5.53,7.71,6.37,5.94,7.01
8,Niña,7.57,5.74,5.47,7.16,5.61,5.38,7.22,7.4,8.04,7.58,8.36,7.99,5.61,6.89
11,Niño,5.5,6.89,3.31,7.11,6.86,9.86,3.83,4.42,4.79,5.52,9.24,6.84,8.36,6.56
7,Niña,4.89,5.27,6.37,7.15,6.0,5.95,8.0,4.92,5.91,8.5,7.42,4.17,6.07,6.19
8,Niño,5.75,4.94,6.98,6.47,3.1,5.24,3.32,6.26,7.54,6.58,7.59,7.06,7.35,5.98
10,Niña,7.68,3.34,4.34,6.96,6.05,8.16,7.62,7.41,4.52,7.92,7.06,6.91,3.62,6.9
14,Niño,6.2,5.57,5.5,8.04,5.08,2.54,4.87,5.51,6.2,8.16,8.16,7.55,7.69,6.33
7,Niño,3.89,4.89,6.91,5.4,6.21,6.57,3.04,6.44,7.17,7.65,7.49,6.16,7.53,6.25
15,Niña,6.7,5.12,3.33,8.66,6.27,5.68,7.63,6.87,6.5,9.4,8.89,6.3,4.17,6.96
13,Niño,4.61,6.12,4.9,7.98,6.8,8.12,2.39,6.9,5.72,7.15,8.86,8.56,5.11,7.13
7,Niño,2.77,5.66,6.64,5.64,5.61,6.77,3.21,3.11,6.23,6.2,7.88,6.56,5.44,5.68
16,Niña,8.24,4.87,7.88,7.26,5.77,6.02,5.78,7.03,8.06,3.96,7.4,4.51,6.18,6.46
10,Niño,6.69,3.54,9.72,7.88,7.21,6.86,4.96,4.1,9.38,3.7,7.17,7.64,5.37,6.85
12,Niña,5.88,6.92,9.33,5.32,5.25,4.11,5.35,6.27,7.18,7.81,8.08,8.12,6.11,6.55
13,Niña,5.48,7.55,6.24,6.85,3.91,7.35,4.06,5.95,4.42,6.64,8.08,8.11,7.55,6.4
6,Niño,8.1,5.94,5.18,6.71,6.5,3.65,2.4,5.08,7.74,5.76,7.17,6.2,5.61,6.09
11,Niño,10.0,6.13,7.57,6.03,7.69,6.37,3.5,7.96,6.48,5.34,7.85,7.0,6.98,7.27
6,Niño,6.67,6.5,5.08,6.91,7.2,5.86,7.44,5.01,5.58,7.94,6.57,7.69,6.78,6.6
7,Niño,4.46,8.71,4.7,6.08,6.53,2.98,2.13,5.92,5.96,5.52,8.04,8.25,1.77,5.88
6,Niño,5.77,4.31,5.48,8.45,7.93,5.91,8.09,8.02,6.01,9.18,6.67,7.65,5.21,7.32
16,Niño,6.65,5.92,5.27,6.05,7.71,6.25,5.43,5.87,5.17,10.0,8.43,8.01,8.08,7.11
10,Niño,2.48,4.09,6.7,7.75,5.87,4.75,3.61,5.56,6.92,5.64,7.12,6.05,5.07,5.87
15,Niña,6.5,7.01,4.98,4.81,6.62,4.18,1.0,6.3,9.38,7.84,9.51,4.02,4.79,6.05
14,Niño,6.65,6.3,6.14,6.61,6.68,6.59,1.06,7.51,5.57,7.52,7.55,8.37,8.16,7.03
11,Niña,7.99,6.78,8.71,6.81,6.19,6.38,4.09,8.87,9.34,5.52,7.79,5.77,6.75,7.05
16,Niño,7.83,6.71,6.21,6.57,7.77,6.16,3.85,5.3,7.27,5.53,5.82,6.78,8.83,6.51
16,Niño,6.17,7.89,8.58,6.32,6.1,5.81,5.04,5.42,6.88,6.73,9.19,8.05,5.76,6.86
6,Niña,8.27,7.25,8.04,6.0,5.65,4.89,8.24,6.29,6.58,5.31,7.45,7.03,8.42,6.48
6,Niño,9.05,7.66,7.01,7.71,2.93,9.44,5.88,7.05,5.95,8.43,9.59,7.91,5.08,7.44
7,Niño,6.04,5.01,5.4,8.0,5.26,5.32,4.54,5.54,7.38,6.56,7.56,10.0,2.39,6.63
14,Niña,6.63,8.17,7.77,6.7,4.59,4.42,7.23,7.73,7.68,5.33,7.24,7.72,7.58,6.38
8,Niño,3.35,5.49,5.58,5.48,6.25,5.89,5.1,5.32,3.85,6.78,6.89,6.05,7.42,5.74
6,Niño,3.82,5.57,6.0,8.95,4.67,5.51,8.0,3.85,10.0,7.55,8.27,5.12,7.58,6.06
10,Niño,4.74,6.88,6.56,5.74,7.09,5.29,3.46,7.5,4.65,5.89,8.12,7.88,6.17,6.52
12,Niña,5.33,6.92,5.99,5.05,7.74,8.8,2.5,7.67,6.32,4.11,5.9,7.11,8.85,6.41
11,Niño,4.36,5.0,4.78,4.38,6.26,3.99,1.0,8.27,3.67,7.08,6.82,5.21,7.88,5.65
17,Niño,5.95,6.26,3.4,6.92,5.02,5.86,4.59,3.71,6.65,5.2,8.37,8.53,7.82,5.89
6,Niño,5.38,8.58,7.63,6.54,6.67,4.1,2.33,5.7,6.4,5.79,6.73,7.94,6.69,6.31
10,Niño,7.61,4.44,6.97,8.04,8.76,4.93,2.3,6.32,6.33,7.56,6.52,6.98,4.34,7.21
10,Niña,5.29,8.58,3.07,7.53,8.36,8.58,6.87,9.34,7.4,6.08,7.74,9.84,6.61,7.38
11,Niña,2.57,6.16,4.73,7.15,4.47,6.25,1.36,6.46,6.68,6.7,7.6,8.33,7.08,6.01
8,Niño,6.19,3.23,6.3,6.47,4.42,6.23,5.01,4.68,7.7,8.93,6.94,5.71,9.75,6.13
10,Niño,5.98,4.59,6.75,8.13,4.09,4.3,4.63,7.15,5.39,6.41,9.62,8.52,6.93,6.71
12,Niña,4.71,5.15,3.42,9.04,4.82,5.12,4.98,8.66,7.1,9.73,7.32,7.33,4.83,6.71
10,Niña,6.14,5.63,5.85,8.01,6.63,8.72,7.57,8.34,6.18,7.94,5.98,9.46,7.25,7.44
10,Niño,4.39,6.35,6.92,6.24,5.58,6.6,3.15,7.54,6.52,5.6,5.56,8.23,8.51,6.26
10,Niña,6.49,2.72,5.4,7.74,5.21,5.26,7.57,7.09,7.35,6.23,8.73,7.63,9.23,6.63
15,Niño,9.95,6.76,6.43,6.32,7.65,6.5,1.28,3.3,6.34,5.13,6.18,7.56,6.33,6.6
15,Niña,3.29,5.02,5.17,5.47,6.99,6.23,6.1,6.74,6.86,7.79,7.54,5.45,6.18,6.09
8,Niña,5.23,8.45,7.55,5.72,4.08,4.46,7.75,6.97,5.5,8.75,6.45,6.33,4.24,6.04
6,Niña,4.99,6.12,4.64,6.37,7.58,5.21,1.0,6.46,8.42,6.4,7.38,7.27,5.53,6.33
10,Niña,5.35,7.82,4.06,6.92,6.96,9.41,4.73,7.76,7.95,4.29,7.92,5.22,7.19,6.48
14,Niño,7.53,8.05,6.05,9.27,6.99,6.43,4.57,6.44,7.13,7.4,5.86,7.61,4.06,7.17
6,Niña,6.81,8.02,3.56,5.74,5.56,3.29,4.94,6.15,6.68,5.69,6.95,6.03,9.78,5.54
8,Niña,7.27,5.71,2.42,8.39,6.06,6.62,8.22,8.26,6.86,5.91,6.69,6.49,5.93,6.53
9,Niño,6.05,5.69,7.84,6.42,3.74,7.88,3.27,6.08,8.4,7.34,6.34,7.92,6.69,6.47
6,Niña,4.02,6.19,4.33,4.38,7.43,4.35,2.43,6.8,7.85,8.62,7.05,6.28,7.05,5.92
6,Niña,4.33,7.39,3.73,6.19,5.0,5.07,4.96,8.05,8.42,7.94,6.75,7.61,8.31,6.03
13,Niño,7.12,5.79,4.62,8.21,5.17,8.13,7.05,5.18,6.56,7.5,8.55,7.19,6.93,6.84
7,Niña,6.26,6.33,4.54,7.21,5.15,5.86,5.92,5.02,7.63,6.68,6.64,5.62,4.79,5.92
17,Niño,7.89,6.88,5.76,7.29,8.64,5.57,4.87,8.74,8.55,5.05,8.04,8.15,7.17,7.31
13,Niño,6.44,5.23,4.14,8.39,5.43,3.66,4.34,5.81,5.8,7.39,8.0,8.21,8.3,6.44
12,Niño,4.23,5.14,6.85,5.56,7.52,7.51,1.0,7.74,5.71,7.9,5.7,8.28,5.07,6.78
15,Niño,5.22,6.28,7.1,5.54,6.27,5.5,5.97,4.04,7.36,6.07,6.89,9.48,7.78,6.2
15,Niña,6.85,6.46,3.83,4.08,5.22,2.33,6.21,2.95,5.39,6.39,7.37,6.47,6.91,5.01
7,Niño,7.07,7.11,4.95,7.85,4.99,3.28,3.42,7.25,4.64,8.45,7.82,4.47,6.65,6.25
11,Niña,7.28,7.44,5.11,7.47,5.48,4.9,3.87,6.51,8.53,6.35,7.22,6.15,5.48,6.3
11,Niña,4.43,4.96,5.72,7.67,6.2,4.08,2.7,7.26,8.75,6.52,8.75,8.25,6.14,6.58
8,Niña,4.2,5.36,7.84,5.38,7.08,4.33,6.54,9.51,5.47,6.78,7.63,6.89,7.2,6.59
16,Niña,5.72,5.14,7.94,4.87,5.69,9.55,4.07,4.84,5.14,7.83,8.03,5.17,5.82,6.49
7,Niña,8.16,8.48,10.0,5.22,5.64,6.93,4.5,6.76,6.15,7.31,6.79,4.81,4.93,6.7
17,Niña,4.96,6.33,2.14,5.69,5.15,1.68,6.06,8.92,8.63,7.21,8.05,8.85,4.87,5.81
6,Niña,6.68,6.52,4.43,8.66,4.75,5.3,5.45,5.06,6.47,9.03,9.82,7.79,6.95,6.82
11,Niña,6.68,6.58,9.08,8.0,4.64,5.66,5.93,5.82,7.12,6.33,8.13,6.35,7.28,6.7
17,Niña,7.14,5.5,2.94,6.25,7.58,3.44,5.15,4.05,7.42,5.57,8.82,9.45,6.39,6.22
10,Niña,8.5,8.69,9.05,7.16,5.61,6.66,5.19,10.0,7.23,8.33,7.15,10.0,9.4,7.88
16,Niño,8.34,7.08,6.25,5.99,5.73,2.53,5.18,3.39,8.94,7.22,8.61,8.35,3.78,6.23
14,Niño,5.11,6.56,6.31,7.24,5.43,7.56,5.71,7.9,6.06,6.08,8.71,7.98,7.11,6.87
6,Niño,2.85,4.95,3.82,5.43,5.89,8.11,5.8,4.72,6.87,6.4,7.79,7.69,3.55,5.84
12,Niña,4.98,4.87,5.23,7.7,6.78,9.56,2.35,5.12,7.3,5.12,7.41,8.11,6.33,6.73
10,Niño,6.11,6.07,8.97,5.78,5.67,3.28,3.61,8.3,6.94,7.22,5.71,9.55,6.9,6.63
10,Niño,5.46,5.52,5.92,7.77,6.53,3.61,4.39,5.59,5.42,4.85,7.46,5.74,6.22,6.01
7,Niño,8.95,5.01,5.24,6.29,8.14,6.91,5.7,7.68,5.09,7.85,8.18,6.56,3.38,7.3
16,Niña,6.03,5.98,6.69,5.85,5.23,7.69,7.99,8.77,5.06,6.17,6.58,6.94,6.35,6.55
8,Niña,6.98,6.2,5.67,8.74,5.73,7.09,3.17,7.0,7.94,4.95,5.98,7.75,6.5,6.71
12,Niña,6.33,6.7,6.59,7.01,7.13,7.53,6.56,8.03,5.93,8.44,7.62,9.04,7.94,7.48
11,Niña,5.48,5.79,4.56,6.41,8.25,8.0,3.66,6.82,7.61,10.0,7.78,7.54,4.22,7.22
17,Niño,3.11,5.09,5.87,7.71,4.68,6.12,7.54,6.89,7.11,7.51,5.88,7.81,8.81,6.18
7,Niño,5.88,5.14,4.91,5.19,4.09,5.46,8.62,5.75,5.73,6.5,7.55,7.88,2.47,5.79
11,Niño,10.0,8.2,2.93,8.13,6.3,3.61,1.3,9.59,5.77,5.56,7.85,7.03,4.43,6.82
7,Niño,4.13,4.75,6.82,6.63,6.16,5.32,4.15,7.81,7.17,7.27,9.09,6.46,6.78,6.61
7,Niña,3.28,7.01,3.9,7.52,7.21,5.57,1.0,7.48,7.1,7.79,6.93,7.1,7.0,6.41
7,Niña,8.9,7.23,5.72,4.94,7.01,4.28,1.42,7.86,7.64,6.91,10.0,6.15,8.92,6.78
16,Niña,7.11,6.33,7.57,6.34,6.26,5.74,1.54,5.68,6.41,8.15,7.56,6.17,6.81,6.69
8,Niño,6.28,8.97,3.45,6.81,7.66,4.1,6.05,8.1,5.9,9.02,6.06,7.48,6.34,6.62
7,Niña,8.04,7.2,7.03,8.04,5.41,7.58,5.67,9.03,7.14,5.14,7.1,6.38,7.21,7.05
9,Niña,4.75,9.08,5.49,7.62,6.58,6.48,6.4,4.63,8.85,7.31,6.16,9.4,2.75,6.55
14,Niño,5.84,5.59,4.36,6.33,4.72,5.06,6.02,7.51,4.56,4.24,7.3,7.19,4.89,5.81
11,Niño,7.43,5.61,9.44,7.18,6.25,6.1,5.77,6.79,5.96,5.76,8.06,8.77,4.62,7.25
6,Niña,9.17,7.24,6.0,8.31,4.4,4.03,5.02,5.92,7.77,7.91,7.82,5.38,8.02,6.53
13,Niña,4.25,6.13,5.03,6.56,4.85,4.19,4.54,5.06,7.28,6.83,6.14,5.42,8.58,5.4
17,Niña,7.92,8.86,4.67,6.43,8.52,4.79,6.84,8.28,7.79,4.64,5.99,6.86,9.48,6.56
12,Niña,6.57,6.98,7.5,4.53,3.93,5.49,4.82,7.01,6.44,8.37,8.0,8.22,7.41,6.39
15,Niña,6.24,5.04,4.96,6.47,6.02,6.03,5.85,6.39,4.9,6.14,8.27,6.36,7.93,6.31
8,Niña,5.99,4.07,7.29,4.71,7.38,6.03,1.0,7.51,9.17,8.09,6.91,6.87,6.65,6.68
6,Niño,3.92,6.39,6.0,6.66,9.19,3.69,2.45,6.51,8.41,7.62,4.45,8.3,5.7,6.43
10,Niño,7.44,6.38,7.9,7.99,6.53,5.67,6.76,5.64,6.97,5.73,6.11,6.5,4.77,6.68
9,Niño,4.83,6.94,4.23,4.26,6.6,4.49,3.46,6.89,5.91,8.12,8.68,6.02,4.63,5.95
15,Niña,4.38,8.19,4.46,8.28,6.35,1.0,2.01,6.66,6.36,7.35,6.61,7.92,4.31,6.03
13,Niño,7.33,8.01,5.52,6.4,7.67,10.0,6.08,4.04,7.3,7.15,7.08,5.3,7.67,6.75
6,Niña,7.18,5.69,5.66,6.77,6.86,4.52,4.8,5.76,6.67,6.24,8.16,6.51,5.84,6.45
15,Niña,6.12,4.69,5.4,6.2,5.55,4.61,3.99,4.8,6.98,5.36,7.13,7.15,5.34,5.82
6,Niño,7.62,4.77,10.0,4.74,7.75,3.65,7.82,4.22,9.09,6.31,9.18,7.69,3.26,6.74
17,Niña,8.14,5.47,9.51,5.86,5.7,4.11,7.47,7.4,8.2,6.28,7.05,8.07,5.04,6.79
9,Niña,7.96,5.99,6.51,9.32,4.22,5.5,4.42,5.7,5.48,8.09,6.47,8.27,6.04,6.88
13,Niño,5.21,6.93,6.71,5.48,4.23,7.96,6.24,8.26,7.1,4.59,8.92,6.61,4.04,6.28
10,Niño,7.52,5.38,5.6,4.89,6.04,5.49,1.0,3.96,6.32,8.96,7.56,8.24,10.0,6.37
7,Niño,6.32,6.89,4.22,6.97,6.43,5.28,6.99,6.25,7.39,9.04,6.21,7.66,4.36,6.51
11,Niña,8.59,7.01,5.69,6.7,7.54,7.72,2.63,5.78,6.92,6.0,8.07,7.94,8.34,7.11
10,Niño,5.81,6.7,7.31,6.41,7.13,4.96,1.9,4.33,10.0,8.86,7.15,6.18,6.31,6.49
7,Niño,5.47,4.92,8.22,6.82,6.4,5.83,1.23,6.71,7.56,5.49,6.12,7.86,5.59,6.55
16,Niña,5.08,7.15,7.69,7.57,7.61,4.33,1.07,4.46,6.83,8.48,7.61,6.8,6.1,6.72
16,Niño,6.28,9.41,3.43,6.1,6.32,8.5,6.96,7.03,9.4,5.75,7.31,7.06,6.52,6.4
16,Niño,6.7,6.84,5.51,7.03,4.62,7.48,6.06,7.78,7.27,8.35,5.48,7.21,6.86,6.6
8,Niño,6.73,2.37,3.5,8.03,4.34,5.56,3.27,7.1,5.03,4.89,6.23,9.75,4.93,6.23
14,Niña,6.52,8.24,7.99,5.61,7.96,5.16,6.51,7.29,6.84,8.42,9.74,5.81,7.39,7.13
12,Niña,7.01,5.52,5.3,4.01,3.38,5.75,3.61,8.25,7.8,8.7,7.6,8.55,6.05,6.22
12,Niña,5.67,9.67,5.92,7.6,6.04,5.58,5.45,6.66,7.63,4.84,9.12,8.86,4.37,6.71
16,Niña,4.69,6.66,6.82,9.8,10.0,3.33,3.84,5.46,8.31,9.36,7.87,8.07,5.82,7.53
11,Niño,4.56,4.14,10.0,6.79,6.9,7.53,4.56,5.79,7.2,8.33,8.98,6.3,8.77,7.2
13,Niña,7.46,3.61,6.46,7.04,6.03,5.44,2.98,5.82,7.11,4.1,8.17,9.21,6.85,6.63
9,Niña,6.71,8.66,5.59,6.45,4.11,8.84,3.28,5.13,5.18,6.21,6.36,6.57,6.51,6.13
13,Niño,3.22,8.05,3.89,8.71,8.4,6.47,5.89,7.88,8.99,8.35,8.23,7.89,5.86,7.16
9,Niño,7.65,9.62,8.48,6.71,7.88,1.77,6.21,7.49,6.6,7.91,6.36,7.16,5.99,6.87
13,Niño,8.82,6.52,5.69,6.58,7.19,3.75,3.97,4.2,5.73,7.06,8.62,6.52,6.85,6.53
14,Niña,4.93,6.42,8.82,7.89,6.3,2.37,1.75,5.46,10.0,8.2,7.76,7.71,6.08,6.65
8,Niña,6.5,5.96,7.88,6.22,7.04,3.73,9.74,5.06,9.18,5.68,7.52,9.44,7.23,6.57
8,Niña,5.29,5.58,5.21,5.26,6.11,3.19,4.87,7.18,6.42,6.97,6.97,7.33,7.02,5.92
16,Niño,6.94,5.95,3.63,7.86,5.03,6.2,5.42,8.31,4.56,5.72,8.46,9.57,4.59,6.82
7,Niño,4.25,6.8,6.46,6.09,7.54,5.29,2.28,7.37,6.07,7.09,7.31,6.76,7.34,6.5
15,Niña,5.89,5.32,4.95,5.63,6.23,6.98,7.23,5.65,9.05,8.3,5.21,7.1,4.97,6.19
8,Niño,7.47,4.16,6.07,9.32,6.98,5.74,7.54,6.22,7.23,7.99,5.44,5.41,4.91,6.88
8,Niño,7.85,6.72,7.78,6.59,6.14,5.42,1.38,4.61,5.25,7.21,5.98,6.27,6.46,6.42
10,Niño,6.64,5.29,3.19,7.39,6.9,9.01,4.6,4.73,8.02,8.29,8.44,6.72,6.91,6.84
10,Niña,5.49,1.96,6.45,6.84,6.28,6.16,4.44,7.97,6.73,8.42,8.53,6.57,7.48,6.93
7,Niño,3.61,7.27,7.29,5.74,6.18,5.67,9.58,8.87,6.16,9.42,7.89,5.75,3.05,6.64
17,Niño,4.86,4.95,7.37,7.63,6.34,4.43,7.69,5.63,6.26,8.53,7.88,6.01,7.76,6.57
15,Niña,5.3,7.43,3.68,7.18,10.0,3.92,1.9,6.77,8.7,7.82,9.24,6.63,7.16,6.91
11,Niña,4.95,7.39,6.71,6.01,7.34,7.03,3.34,7.78,7.71,8.21,7.91,8.54,5.34,7.12
10,Niño,6.09,6.9,8.05,7.32,9.66,6.94,3.01,4.2,5.07,7.24,8.27,5.06,6.12,7.13
11,Niño,5.49,10.0,6.58,6.18,6.29,8.31,5.54,5.13,7.48,6.51,7.49,4.29,6.82,6.25
6,Niña,6.26,6.31,5.8,5.47,5.9,6.57,7.94,9.69,7.14,8.11,6.95,4.71,1.0,6.51
10,Niña,7.8,6.1,7.94,5.35,4.9,5.17,5.02,5.26,6.45,7.96,7.16,5.9,4.5,6.26
14,Niño,5.39,7.46,4.82,7.12,8.38,6.62,5.8,6.16,6.52,7.31,9.96,7.83,8.36,7.13
17,Niño,3.93,6.42,3.4,6.34,5.12,5.67,3.47,5.8,5.88,6.63,6.2,6.54,5.54,5.53
15,Niño,4.95,8.12,5.66,8.6,8.65,7.18,5.79,3.71,6.14,6.55,7.88,6.52,6.36,6.83
7,Niño,6.88,4.72,6.91,6.75,4.98,7.93,3.86,6.82,7.38,6.33,5.68,6.49,6.31,6.46
6,Niña,7.02,4.75,7.77,5.86,7.45,5.53,1.52,6.66,6.64,8.66,6.77,4.56,7.64,6.69
15,Niño,6.61,7.57,6.9,6.99,4.23,8.61,5.66,6.97,7.71,8.55,8.43,8.12,5.85,7.1
16,Niño,7.95,4.87,7.42,5.25,5.73,7.7,4.78,6.57,5.98,8.49,5.33,8.7,5.98,6.86
14,Niña,5.72,7.35,7.78,6.7,6.33,5.83,2.61,6.01,7.92,5.43,8.59,6.56,6.8,6.55
15,Niño,9.08,7.02,5.42,7.18,5.52,6.87,8.09,5.92,8.71,6.4,9.96,7.11,7.85,6.98
14,Niña,7.23,5.53,5.75,7.03,6.08,6.29,3.27,5.95,6.99,6.54,7.94,7.15,8.36,6.65
14,Niño,2.21,7.01,8.19,8.36,6.09,5.84,6.02,5.22,7.68,6.05,9.01,5.61,5.99,6.38
11,Niño,8.7,4.77,3.94,9.92,7.35,8.86,4.07,5.45,7.73,9.51,7.8,6.43,5.71,7.66
13,Niña,4.85,5.1,6.73,7.61,3.59,6.63,7.89,5.24,6.35,7.46,8.35,9.32,6.27,6.54
16,Niña,4.45,6.17,4.78,8.21,5.57,4.45,4.32,7.56,7.73,7.36,8.04,6.99,8.64,6.43
6,Niño,6.79,6.61,7.87,9.85,7.93,4.16,1.45,7.16,4.05,6.25,6.89,7.29,7.75,7.31
15,Niño,3.39,6.07,5.97,5.59,7.03,4.22,6.42,6.74,3.53,8.11,6.78,6.1,5.73,6.02
9,Niño,4.96,7.11,6.01,6.96,7.95,6.58,7.88,9.61,6.57,9.97,8.92,6.44,3.92,7.49
6,Niña,8.34,7.04,8.94,6.23,7.29,5.25,3.94,5.31,7.82,7.01,7.45,7.84,8.27,7.04
13,Niño,6.83,8.64,4.17,7.81,4.89,6.33,6.16,8.38,6.89,6.57,7.33,5.91,8.45,6.46
6,Niña,7.22,6.37,6.37,7.13,7.16,7.3,5.06,6.31,7.97,6.77,7.31,9.11,4.72,7.18
8,Niña,5.01,8.17,5.69,5.82,6.43,9.05,4.03,6.94,5.44,6.45,7.87,4.9,5.79,6.43
9,Niño,3.69,7.79,6.91,6.81,9.25,5.29,6.48,7.71,8.15,6.9,6.08,6.18,7.9,6.68
13,Niña,7.06,9.71,9.28,8.06,7.34,3.55,3.2,5.98,9.12,6.04,7.28,5.08,7.12,6.74
11,Niño,7.4,6.32,4.97,5.24,6.98,8.67,4.86,5.11,6.09,5.66,7.87,8.72,3.31,6.67
15,Niño,7.33,5.91,3.96,5.84,7.17,3.47,5.31,5.36,8.0,6.87,5.97,6.95,4.7,5.94
17,Niño,6.31,8.26,4.62,5.66,6.91,3.41,5.24,3.54,7.03,7.01,7.75,6.63,7.43,5.81
12,Niño,4.55,7.04,5.6,7.19,6.87,8.63,3.25,7.61,7.57,6.52,6.42,7.52,6.9,6.79
13,Niño,9.66,8.29,6.11,8.29,5.95,7.51,8.92,7.57,9.11,8.94,7.87,8.82,7.57,7.78
7,Niña,6.72,7.5,6.19,4.39,7.0,6.58,7.32,9.08,7.43,7.48,10.0,7.28,7.75,7.04
15,Niña,5.74,3.55,9.06,6.91,7.53,5.72,6.78,7.32,7.99,7.94,7.35,8.49,6.89,7.33
16,Niño,5.75,7.03,8.76,5.69,7.68,5.42,7.67,7.68,5.36,7.98,6.21,6.62,7.17,6.85
13,Niño,6.22,6.94,8.22,8.01,7.52,4.76,4.94,6.58,7.95,7.05,7.78,5.75,5.59,6.96
8,Niña,7.6,6.69,10.0,6.52,8.26,5.35,4.06,7.4,9.09,7.21,8.07,7.3,6.68,7.51
12,Niña,6.28,6.31,7.4,6.96,7.76,5.72,2.62,8.33,5.8,5.7,6.38,6.09,7.0,6.8
8,Niña,7.29,4.27,7.88,6.8,7.12,3.6,3.39,6.97,6.58,7.82,5.44,7.9,9.23,6.78
12,Niña,6.23,7.72,7.37,8.15,4.81,4.49,2.77,5.92,7.89,6.43,6.38,6.47,5.18,6.27
16,Niño,5.83,7.02,7.09,9.26,4.81,2.42,3.74,6.37,7.58,6.0,7.44,6.89,7.66,6.32
17,Niño,6.96,8.04,6.67,5.44,5.98,5.92,5.35,7.83,5.23,8.72,6.95,4.09,6.32,6.43
7,Niña,6.9,4.35,5.33,5.66,6.36,5.92,6.63,5.96,7.21,5.03,8.79,6.84,7.69,6.28
15,Niño,5.75,7.21,3.88,7.19,8.12,8.65,6.57,8.03,6.57,9.31,8.12,6.68,6.31,7.34
11,Niña,4.88,6.17,5.78,5.82,2.69,6.4,2.46,9.56,5.74,9.2,7.62,8.51,8.38,6.47
8,Niño,6.51,6.7,6.96,7.92,4.96,4.91,6.18,8.05,8.76,6.59,5.41,8.13,5.31,6.59
8,Niña,6.12,6.19,6.12,8.11,6.05,5.48,7.09,7.82,7.01,9.4,8.26,7.03,6.73,7.15
14,Niño,5.17,7.26,4.19,6.14,5.0,6.58,4.29,7.22,8.28,5.66,9.88,4.88,7.2,6.03
12,Niña,4.74,6.27,5.72,5.88,5.26,6.16,7.2,5.53,5.47,8.29,8.53,6.43,5.41,6.21
10,Niña,6.62,5.03,5.63,6.47,5.65,6.73,6.55,5.4,7.77,6.92,6.71,8.51,6.99,6.47
17,Niño,6.83,6.62,5.89,6.92,5.07,6.4,2.27,5.38,8.38,4.37,7.34,6.74,8.11,6.09
15,Niña,5.46,6.2,6.83,7.18,5.3,5.4,9.18,7.53,6.69,6.02,8.05,5.61,6.39,6.36
12,Niño,5.13,6.38,7.2,4.1,8.07,4.94,3.37,6.12,6.35,6.66,9.16,8.5,7.7,6.6
14,Niño,4.75,2.04,5.15,5.64,7.1,4.86,6.71,6.66,5.3,7.99,6.65,4.89,5.42,6.01
6,Niña,6.57,7.46,7.67,6.32,7.29,4.32,6.64,7.33,5.87,6.23,6.94,6.85,4.75,6.63
12,Niño,4.79,6.06,7.92,5.84,6.26,4.07,2.35,5.44,6.41,6.52,7.45,7.73,7.61,6.21
11,Niño,9.36,4.61,6.54,3.36,7.61,8.74,5.16,5.95,5.73,7.66,7.34,7.16,5.61,6.92
15,Niño,5.38,7.79,7.13,4.53,7.4,6.0,6.62,7.18,6.0,7.58,8.45,5.39,3.82,6.5
17,Niño,2.36,7.39,7.67,5.23,7.08,5.55,2.33,6.26,7.21,6.77,7.81,5.79,5.28,6.07
14,Niño,5.95,6.04,4.13,6.66,5.45,5.01,5.0,6.4,7.36,6.48,5.82,6.09,8.66,5.81
6,Niña,5.89,4.89,7.79,6.28,5.73,6.49,6.79,5.15,8.42,8.22,6.71,8.02,8.2,6.63
9,Niño,7.67,6.75,4.66,6.04,7.68,7.73,6.91,6.42,6.01,6.47,6.75,7.22,4.71,6.75
14,Niño,6.43,6.67,4.82,7.76,5.63,6.96,4.01,9.18,7.03,5.23,4.84,6.5,4.16,6.4
9,Niño,4.75,7.79,6.33,7.76,4.62,7.27,7.89,6.03,6.46,6.35,8.62,7.53,5.85,6.55
15,Niño,5.57,5.88,2.36,6.98,5.6,4.86,7.41,4.98,6.37,7.67,7.66,6.02,8.16,5.8
8,Niño,6.49,8.17,6.3,6.94,8.33,5.79,5.28,8.14,6.59,6.69,6.85,7.96,6.19,7.11
14,Niña,2.75,5.74,7.67,5.77,5.6,4.88,3.48,7.49,6.74,6.2,8.58,7.59,6.2,6.22
7,Niño,8.01,4.62,3.2,5.92,6.73,5.97,2.47,7.02,7.33,5.14,7.86,6.71,5.52,6.29
9,Niña,4.75,4.91,7.85,4.75,5.5,7.84,5.56,4.72,6.57,6.7,5.96,6.79,6.07,6.0
11,Niña,8.13,6.41,4.81,6.5,7.29,6.5,7.73,4.94,8.6,7.22,8.23,6.56,7.86,6.71
7,Niña,6.59,6.41,6.35,7.74,7.0,8.4,4.51,4.39,4.78,5.49,9.15,8.29,6.64,7.08
13,Niña,6.94,6.96,5.06,8.43,4.36,5.34,3.08,7.35,8.37,6.63,7.33,7.28,6.18,6.51
13,Niño,7.72,6.37,6.97,6.51,6.65,4.51,6.45,8.23,6.52,5.37,7.42,6.72,7.54,6.67
6,Niña,6.86,7.87,7.74,7.39,4.11,6.62,5.15,7.4,6.75,6.72,7.63,5.74,6.61,6.6
17,Niña,7.01,6.13,7.1,3.37,5.58,5.99,5.83,9.62,6.99,9.32,6.04,7.77,8.02,6.63
8,Niño,5.75,3.71,5.99,6.28,6.29,6.32,3.75,6.04,7.92,7.14,7.67,7.71,5.41,6.55
15,Niño,6.56,6.33,5.19,6.25,8.7,6.08,4.06,6.21,5.86,4.69,6.43,6.32,6.94,6.39
14,Niño,5.12,3.69,5.88,8.59,6.71,5.02,3.74,6.86,6.15,7.36,7.49,6.45,7.92,6.71
10,Niña,5.48,6.88,7.12,7.27,5.3,6.11,5.8,6.36,7.65,8.74,7.7,6.85,8.99,6.72
11,Niño,8.95,7.98,7.17,7.39,5.89,7.36,4.12,7.45,4.79,4.96,8.14,5.5,4.75,6.94
9,Niño,4.79,5.12,6.94,7.33,7.5,7.52,5.98,5.74,6.96,5.44,8.18,7.1,6.22,6.79
15,Niña,6.23,8.49,3.82,6.85,5.32,5.02,3.56,4.61,5.96,7.26,6.39,4.86,4.39,5.64
7,Niño,6.17,7.68,5.96,8.64,7.73,6.17,5.8,4.02,5.69,6.78,7.73,5.34,4.95,6.67
16,Niño,5.53,8.19,4.92,4.03,5.62,8.16,6.21,7.42,4.87,8.6,8.65,6.34,6.53,6.41
13,Niño,6.77,6.77,7.13,6.98,5.11,5.05,5.46,5.91,8.0,6.65,6.12,6.18,3.26,6.19
16,Niño,6.88,5.11,4.7,8.16,5.66,4.76,6.63,4.95,7.21,8.06,9.59,7.59,7.17,6.73
11,Niña,4.61,7.59,6.77,4.53,4.2,7.07,3.84,5.77,6.13,9.04,6.33,7.37,7.39,6.01
10,Niño,6.15,5.63,5.52,7.81,3.48,6.79,6.19,9.63,6.79,5.69,9.45,8.79,6.38,6.89
14,Niño,4.38,6.67,2.81,5.89,6.19,4.46,5.27,5.03,5.58,7.95,6.35,7.12,5.16,5.62
6,Niña,7.18,6.26,7.58,6.93,6.21,3.56,3.18,7.79,6.3,6.34,7.43,7.27,6.11,6.69
10,Niño,6.26,8.07,5.96,5.86,6.63,6.14,1.0,7.33,6.74,3.8,7.27,5.49,9.89,6.1
11,Niña,6.12,7.52,8.17,7.95,6.19,5.13,1.41,8.71,7.08,7.57,5.86,5.49,5.67,6.83
10,Niño,6.99,6.39,3.17,6.45,9.33,3.11,1.0,6.52,7.51,7.74,8.34,7.08,5.24,6.66
11,Niña,5.59,3.77,5.5,7.81,6.52,4.7,5.65,4.36,4.65,4.73,8.4,7.11,2.8,6.19
11,Niña,7.37,5.61,5.63,7.32,4.51,6.76,4.15,8.19,7.51,6.26,8.24,7.38,8.17,6.76
12,Niña,4.58,7.49,6.46,5.85,4.84,5.56,4.97,6.33,4.76,6.03,7.2,8.65,4.52,6.08
9,Niña,8.12,6.89,3.75,7.4,6.3,8.31,4.44,8.61,7.56,8.03,6.66,5.55,6.64,6.96
16,Niño,5.17,4.4,6.92,6.0,5.73,2.46,5.96,7.92,6.72,4.73,8.82,9.2,9.87,6.28
13,Niña,3.46,3.97,9.25,6.88,4.7,7.94,6.02,8.19,8.42,7.05,7.76,5.06,7.09,6.61
12,Niño,5.51,6.77,6.81,6.43,6.22,5.25,4.89,10.0,6.12,3.62,6.59,7.48,7.07,6.42
14,Niña,5.34,5.02,6.16,7.88,6.24,5.02,5.01,7.12,8.02,7.43,7.76,5.38,5.98,6.54
12,Niña,5.5,5.15,3.66,7.45,8.37,3.32,5.09,8.86,5.48,7.08,5.49,7.94,7.0,6.56
8,Niña,6.35,7.44,4.68,6.76,5.11,6.54,7.58,6.09,7.14,6.18,7.63,5.07,6.62,6.04
8,Niño,7.65,8.18,5.91,5.98,5.76,2.88,1.0,7.51,4.35,8.9,8.29,3.45,7.36,6.22
13,Niña,5.71,5.45,5.1,5.28,8.37,7.11,3.46,5.95,8.15,3.23,7.28,7.19,2.63,6.2
10,Niño,4.96,6.44,7.74,6.96,6.73,3.38,6.53,7.42,9.24,6.87,8.35,6.84,7.11,6.61
9,Niño,4.31,6.4,6.91,6.04,5.1,3.63,7.02,7.26,6.09,8.58,8.48,8.44,7.19,6.43
13,Niño,5.3,6.27,10.0,4.55,5.37,3.89,5.65,3.61,7.16,7.08,7.83,7.1,10.0,5.97
11,Niño,3.17,6.56,4.33,5.2,4.72,4.65,4.43,5.78,7.58,8.81,9.62,6.03,6.49,5.73
7,Niño,4.91,7.56,6.06,8.75,6.4,7.31,8.52,7.05,4.98,6.27,9.12,6.3,6.85,6.97
9,Niño,7.87,5.56,3.65,6.01,7.64,8.21,5.16,3.31,6.03,6.67,8.25,10.0,7.13,6.84
17,Niño,4.76,4.36,2.22,8.1,8.42,4.82,4.86,6.56,5.95,8.63,7.93,5.86,7.18,6.56
16,Niño,6.94,8.87,7.23,6.37,4.37,5.73,7.46,8.21,10.0,8.15,7.19,7.68,4.53,6.72
9,Niño,4.16,8.03,6.84,8.29,7.43,6.58,5.75,8.65,8.36,10.0,6.72,7.52,7.81,7.41
11,Niña,8.66,4.95,4.55,8.2,6.51,5.27,6.68,5.53,6.72,7.04,8.46,7.71,5.03,6.93
11,Niña,8.76,6.69,6.16,5.81,5.96,6.52,6.91,8.75,8.01,7.18,7.26,7.61,7.15,6.99
6,Niña,6.89,7.91,4.93,4.41,5.76,5.79,4.06,8.51,7.27,6.25,6.28,6.65,5.13,6.06
13,Niña,8.99,7.55,5.16,4.52,3.8,5.39,8.34,3.48,7.77,6.61,6.54,4.71,6.14,5.34
11,Niña,6.53,7.15,5.46,5.83,7.13,3.53,1.0,6.87,5.63,8.41,6.7,7.2,5.75,6.41
8,Niño,7.15,6.26,4.48,9.07,4.59,6.04,1.0,7.04,8.79,6.9,9.6,6.98,6.1,6.87
14,Niño,7.89,8.92,4.78,6.31,5.33,7.33,3.44,8.98,6.0,5.77,8.52,7.16,6.37,6.79
7,Niño,6.27,6.81,4.83,6.97,6.84,4.55,3.95,7.13,6.07,6.37,7.54,7.73,7.1,6.52
16,Niño,3.67,5.78,6.72,8.36,3.94,2.65,5.53,8.79,7.77,6.77,8.0,6.46,6.35,6.15
13,Niño,7.18,7.72,1.28,6.93,4.58,5.29,3.42,5.53,7.45,5.86,8.14,6.19,7.9,5.67
15,Niño,5.29,6.63,5.61,6.89,7.88,8.22,4.78,4.3,7.03,6.26,6.46,8.17,5.65,6.65
8,Niño,5.4,6.99,4.15,7.55,6.46,7.74,4.39,5.73,8.09,5.5,6.1,6.57,7.19,6.22
17,Niña,6.45,6.78,4.21,7.15,5.44,4.87,8.81,9.07,5.49,6.31,8.76,6.36,5.17,6.49
10,Niña,6.85,7.2,5.11,6.68,6.46,6.53,3.19,8.09,9.4,8.53,5.88,6.25,9.35,6.69
11,Niña,6.23,5.13,5.98,5.93,7.17,6.78,1.43,10.0,6.35,6.97,7.48,7.77,7.19,7.09
15,Niña,6.95,4.47,5.64,6.89,7.76,8.18,7.04,4.54,6.89,10.0,6.63,6.73,5.38,7.07
11,Niño,4.94,8.51,4.19,8.11,4.85,3.32,3.37,8.26,9.42,5.83,7.77,9.88,9.28,6.36
9,Niño,5.94,6.85,7.23,8.94,4.97,4.09,4.62,7.83,6.08,7.58,7.2,7.07,7.33,6.78
8,Niño,7.27,7.58,4.47,7.15,7.09,2.58,3.51,6.27,8.33,7.21,8.14,5.43,5.39,6.27
9,Niña,8.66,4.04,4.75,7.71,7.13,4.71,6.27,7.86,6.72,7.81,4.73,6.43,6.29,6.72
6,Niño,9.19,7.99,6.48,7.12,4.55,7.51,2.05,6.91,5.91,6.05,8.84,7.85,4.68,7.04
9,Niño,6.65,5.77,6.54,6.7,5.02,4.9,1.0,7.39,6.5,6.38,8.38,6.22,4.68,6.4
6,Niño,7.26,5.37,4.96,7.42,6.05,3.71,7.39,7.72,7.74,7.47,8.71,6.98,8.43,6.7
17,Niña,8.97,6.41,1.01,8.23,6.33,6.16,5.29,8.17,8.32,6.19,8.58,8.27,5.06,6.92
6,Niño,4.99,5.13,4.49,5.74,6.37,6.2,6.95,6.83,7.29,4.42,7.88,8.47,4.36,6.14
15,Niña,6.94,6.5,6.28,5.06,4.53,4.17,7.32,9.37,4.92,8.73,6.73,6.32,7.52,6.29
11,Niña,7.15,6.31,7.17,6.16,6.35,4.99,2.97,6.38,7.83,8.14,8.03,6.67,9.16,6.73
10,Niña,8.17,7.98,5.87,7.05,5.37,6.04,4.92,9.53,6.82,6.32,7.85,7.13,8.35,6.95
16,Niña,4.29,8.62,5.19,7.84,4.78,6.99,5.81,5.01,5.57,7.21,8.55,8.75,10.0,6.49
9,Niño,4.59,8.57,9.9,5.61,6.29,4.76,4.58,5.22,7.45,8.31,8.25,5.57,10.0,6.44
16,Niña,6.03,3.33,5.37,3.81,6.15,4.53,4.18,5.31,8.47,8.78,7.61,7.47,5.06,6.01
8,Niña,6.57,5.19,7.04,6.19,7.34,8.86,4.37,8.14,7.01,7.05,8.02,7.07,6.0,7.3
6,Niño,7.68,3.32,3.73,6.57,5.18,5.36,6.97,5.49,8.2,6.08,8.13,5.83,3.99,5.99
11,Niño,6.78,4.83,4.15,5.41,6.61,6.2,4.28,8.94,7.6,8.95,8.81,8.61,4.64,7.04
7,Niña,5.77,5.59,7.1,5.89,4.26,6.84,6.0,5.91,7.62,7.03,9.58,8.29,8.22,6.58
13,Niño,6.62,7.07,7.78,7.84,5.94,2.94,5.49,7.3,6.6,6.69,8.22,9.0,6.94,6.92
15,Niña,6.45,5.77,5.34,6.89,6.9,5.77,2.87,7.66,8.06,7.27,8.13,8.53,8.83,6.98
10,Niña,8.62,5.81,2.86,7.21,7.01,3.17,5.4,5.18,8.19,8.52,7.23,7.01,5.12,6.39
12,Niña,6.25,6.75,5.72,6.37,7.02,5.59,1.72,4.61,8.03,6.85,7.09,7.81,5.62,6.4
15,Niña,5.43,4.11,6.32,5.9,7.35,8.0,5.6,7.12,6.59,8.28,6.63,7.43,7.45,6.91
17,Niño,6.67,5.33,6.17,6.36,5.72,4.2,6.58,6.28,8.28,6.61,3.66,5.82,8.19,5.75
7,Niña,6.3,5.8,5.04,7.4,6.94,3.13,7.04,7.45,7.5,7.75,6.49,5.3,3.88,6.3
13,Niño,3.64,6.22,5.74,5.01,8.73,8.82,2.89,4.68,5.74,5.57,7.29,7.48,6.12,6.38
7,Niño,5.98,6.61,4.73,8.78,5.69,3.96,3.73,6.16,6.5,8.4,7.13,7.13,7.14,6.52
9,Niño,5.85,8.6,4.11,7.49,8.09,3.4,5.37,6.43,6.31,5.95,8.05,6.56,7.75,6.37
6,Niño,5.18,7.77,7.28,6.16,7.44,8.39,3.85,3.04,4.42,7.54,6.54,6.88,8.07,6.53
10,Niña,7.55,5.42,6.17,7.78,5.95,3.9,1.0,8.19,8.3,4.82,6.59,9.3,6.38,6.71
14,Niño,4.82,6.13,5.74,8.27,6.06,8.43,3.72,5.56,10.0,6.93,4.96,4.17,4.52,6.21
6,Niña,6.68,6.04,5.14,6.4,6.45,6.24,5.36,8.95,8.57,7.16,8.07,7.83,3.42,6.94
14,Niño,5.78,5.78,5.69,6.54,7.37,7.85,6.94,5.66,7.21,5.95,6.43,8.1,6.21,6.63
16,Niño,6.16,6.88,6.27,8.59,6.82,6.1,8.18,5.92,6.33,6.75,6.64,8.26,6.04,6.92
13,Niña,6.62,3.9,8.94,9.34,5.68,7.53,5.05,4.84,5.8,7.27,8.18,5.21,5.23,7.11
11,Niña,4.04,7.73,7.11,6.84,3.59,4.33,5.93,8.42,7.2,7.69,6.44,6.62,7.93,6.03
12,Niña,6.29,8.87,4.87,5.41,7.17,4.82,6.72,7.38,8.26,7.04,7.96,6.55,4.66,6.38
8,Niño,9.43,6.12,4.89,6.24,3.79,2.42,1.0,8.8,6.12,8.77,6.05,7.38,5.44,6.28
6,Niño,3.66,6.09,4.62,8.04,4.52,7.35,2.76,6.39,10.0,8.52,7.47,5.53,8.37,6.24
10,Niña,5.91,6.72,5.66,5.56,5.78,6.47,5.01,6.64,5.2,6.86,6.77,7.49,5.26,6.28
17,Niña,7.68,7.93,4.62,6.55,4.72,4.19,7.91,4.18,7.29,5.04,7.18,5.85,7.02,5.56
17,Niña,6.45,6.05,6.81,7.15,6.71,3.0,6.06,5.76,7.09,6.22,9.31,6.61,6.48,6.5
7,Niña,7.03,7.81,1.51,5.69,5.91,6.25,5.46,6.96,7.01,3.78,5.53,8.75,6.89,5.72
10,Niño,2.44,7.18,6.91,8.12,7.32,8.48,4.34,7.28,6.26,6.64,9.21,8.09,7.91,7.22
13,Niña,6.9,9.81,6.47,7.63,4.21,5.58,5.65,9.44,7.11,8.86,6.4,7.16,7.02,6.86
16,Niña,4.86,6.04,8.15,9.21,5.44,4.75,3.61,3.92,6.42,8.01,8.54,5.19,4.28,6.54
14,Niña,6.46,3.73,7.49,7.74,6.31,4.3,3.24,7.04,8.67,7.02,8.78,7.43,4.55,6.96
7,Niña,5.96,4.49,4.84,5.65,6.36,7.8,3.41,6.14,9.11,5.88,8.02,7.52,6.97,6.41
17,Niño,9.42,6.52,7.3,7.44,7.2,4.55,7.48,6.81,6.49,7.07,6.04,4.27,5.03,6.74
8,Niña,6.82,7.94,5.71,7.99,5.11,5.21,3.12,6.85,4.86,9.88,7.83,7.46,8.03,6.94
8,Niño,5.83,5.59,2.71,8.05,5.69,7.47,4.0,6.41,7.41,8.98,10.0,5.6,6.99,6.76
6,Niña,3.74,6.18,6.27,5.87,6.96,6.82,5.74,5.0,7.37,6.69,7.51,5.08,3.75,6.03
13,Niña,6.18,7.46,4.94,5.72,3.44,5.27,3.04,4.72,7.14,4.83,7.38,5.54,9.52,5.26
11,Niño,7.23,5.15,6.0,5.43,6.8,4.68,5.25,6.3,7.69,9.99,7.26,4.19,5.91,6.4
17,Niña,5.88,5.64,8.81,8.73,7.29,8.14,5.25,4.57,8.8,5.88,8.12,6.47,6.17,7.19
13,Niño,5.24,4.87,6.38,7.55,4.57,4.01,3.55,6.53,8.08,7.64,7.4,5.69,7.18,6.11
16,Niño,5.14,8.15,4.27,5.81,5.89,5.46,4.28,6.32,7.69,4.72,7.84,8.48,6.36,5.98
14,Niña,6.8,8.66,7.64,6.95,8.24,3.39,2.91,3.02,7.98,6.45,7.15,6.53,8.04,6.38
10,Niño,7.14,4.29,6.62,6.65,7.16,7.7,7.57,9.6,7.33,4.71,6.26,6.06,4.87,6.88
17,Niño,8.04,6.3,4.07,5.63,6.88,5.04,5.32,6.82,5.77,5.27,10.0,4.93,8.34,6.29
8,Niño,4.51,8.47,3.27,6.84,7.59,4.68,2.7,3.04,8.89,5.61,7.38,6.44,7.59,5.66
10,Niño,6.79,7.06,4.34,7.03,8.65,6.86,5.05,7.07,7.13,7.57,10.0,8.76,5.26,7.49
10,Niño,5.82,5.82,7.42,9.12,6.32,3.52,5.14,6.39,5.77,6.77,8.01,9.01,6.9,7.01
10,Niño,5.86,4.34,5.49,6.01,5.77,6.82,1.0,4.72,5.53,10.0,8.22,6.53,8.44,6.53
8,Niño,6.6,8.11,6.14,4.75,7.59,5.22,7.48,7.16,5.81,8.49,7.13,6.91,7.33,6.62
16,Niño,6.61,7.0,3.72,5.54,6.06,3.87,2.82,5.29,5.4,8.52,6.79,7.91,6.74,6.01
15,Niña,6.79,4.44,7.47,5.73,5.09,4.22,8.98,6.99,7.87,7.61,7.16,5.67,7.5,6.21
9,Niña,4.41,8.17,2.57,6.29,5.6,4.71,6.39,5.65,6.77,7.29,6.5,7.48,7.63,5.64
14,Niño,4.88,4.26,4.89,5.54,6.71,5.09,2.55,5.34,8.01,8.56,6.39,10.0,5.69,6.35
15,Niña,8.23,6.19,6.71,7.79,5.72,3.88,4.17,6.68,8.52,3.57,9.64,7.99,6.75,6.7
14,Niño,5.67,6.13,4.09,5.46,5.81,6.27,6.65,4.27,8.18,6.03,8.46,7.95,7.86,5.97
7,Niño,6.46,8.77,7.04,6.82,4.96,3.84,4.32,6.58,7.82,5.0,9.3,8.75,6.71,6.46
13,Niña,7.58,6.13,4.52,9.2,8.17,2.02,7.16,7.69,7.37,4.26,8.85,8.17,5.35,6.91
13,Niño,6.7,6.13,3.92,7.46,5.85,8.87,4.05,8.61,6.75,5.82,6.78,6.67,6.95,6.73
12,Niño,6.82,4.59,8.19,7.34,5.38,6.12,4.64,8.33,6.84,5.29,5.65,5.47,5.88,6.49
13,Niño,7.34,5.6,6.26,9.03,5.51,9.02,6.7,8.73,7.76,8.57,6.95,6.83,7.43,7.55
8,Niño,2.83,5.36,6.88,8.29,7.34,4.13,6.01,6.02,5.75,7.03,7.61,5.74,8.78,6.37
11,Niña,5.27,5.43,7.73,7.48,7.05,6.57,2.95,5.16,6.93,4.09,8.87,6.63,7.58,6.61
6,Niño,6.7,6.51,1.55,6.43,5.65,7.23,5.67,7.92,6.03,7.34,7.43,5.87,5.18,6.22
12,Niño,8.08,3.09,7.08,6.77,6.34,5.5,5.13,5.92,8.52,5.48,10.0,6.49,6.98,6.82
6,Niño,6.1,4.39,4.71,6.71,6.66,3.49,2.98,6.71,7.93,6.99,6.98,5.07,2.37,6.01
14,Niña,4.73,6.34,4.93,6.32,5.38,5.38,2.02,7.82,9.78,7.45,8.21,6.1,6.34,6.22
6,Niño,4.77,6.67,6.74,7.05,4.3,6.8,1.0,9.73,6.01,5.85,6.78,7.53,8.0,6.52
6,Niña,7.33,6.17,5.38,7.22,6.97,6.74,4.21,7.49,6.15,7.2,7.99,7.86,7.14,7.13
12,Niña,5.67,6.44,7.01,5.31,5.46,5.8,4.69,7.01,7.07,7.46,7.35,7.57,6.68,6.4
7,Niño,5.99,5.93,5.93,8.76,6.87,7.24,5.81,5.02,6.06,6.67,7.2,6.51,9.91,6.8
10,Niño,6.92,6.47,6.29,7.29,6.72,7.16,6.44,8.45,7.7,5.89,6.76,7.16,3.77,6.96
13,Niña,1.65,7.11,5.17,6.48,6.37,4.96,3.97,7.31,6.93,6.9,7.68,9.53,4.13,6.25
13,Niño,9.0,7.1,4.19,7.07,5.75,3.37,4.63,6.18,6.36,6.7,8.5,6.06,7.27,6.32
8,Niña,4.9,5.54,4.74,7.92,5.48,6.1,3.28,6.02,8.41,7.34,6.33,9.09,7.94,6.46
12,Niña,6.36,7.78,5.83,5.04,4.82,4.61,4.97,6.09,4.6,6.53,7.44,5.12,8.0,5.68
8,Niño,3.44,6.72,9.12,6.67,5.5,6.03,6.74,6.77,7.7,5.23,8.09,4.78,5.58,6.17
11,Niño,5.37,8.23,8.5,5.38,7.04,7.95,5.0,4.51,6.28,6.66,8.32,6.81,5.15,6.67
11,Niña,7.87,8.51,4.89,9.99,8.12,6.5,7.13,8.53,8.06,7.36,9.74,6.95,4.91,7.9
8,Niña,3.13,4.48,6.1,6.97,7.93,7.87,6.7,8.25,8.37,7.16,8.19,5.53,7.02,6.86
12,Niña,7.69,5.3,5.51,5.39,6.49,4.18,7.72,6.45,4.04,6.74,7.02,6.57,4.93,6.2
8,Niña,5.59,7.64,6.22,10.0,8.12,7.54,5.06,6.09,6.72,6.22,6.82,7.52,8.28,7.32
13,Niño,6.73,4.17,6.44,6.16,5.9,8.48,3.74,6.67,7.08,6.15,6.8,5.73,6.46,6.51
15,Niño,6.99,8.49,6.9,6.55,4.62,5.9,6.04,6.92,3.93,6.29,6.74,8.32,5.37,6.48
9,Niño,6.66,6.02,1.07,6.64,8.8,9.52,4.05,6.25,7.3,8.41,7.76,8.46,5.38,7.13
6,Niño,4.7,7.31,6.62,5.78,6.99,4.43,5.98,8.2,6.31,5.57,8.0,8.62,4.05,6.53
9,Niño,5.45,6.34,5.32,7.1,4.3,4.78,3.47,4.56,5.43,7.03,8.49,5.82,5.23,5.86
12,Niña,3.81,4.55,4.8,4.15,8.33,6.84,3.14,5.63,6.15,5.14,8.3,5.99,5.62,5.92
16,Niño,6.74,7.98,7.35,8.1,5.33,5.89,7.23,7.86,5.93,7.97,9.0,6.78,7.15,7.17
9,Niño,8.55,10.0,8.49,5.45,5.62,4.61,2.77,7.19,6.26,6.15,6.7,6.65,6.34,6.49
11,Niño,3.26,5.78,7.17,6.3,7.63,6.79,6.84,5.68,7.24,5.74,9.46,6.58,5.12,6.56
14,Niño,4.86,6.05,5.12,7.7,8.07,6.37,5.97,7.3,8.28,7.2,6.74,7.98,4.54,6.92
6,Niño,5.73,2.79,4.17,6.55,5.0,4.86,4.99,5.51,6.9,3.45,7.92,7.8,6.12,5.68
10,Niña,6.26,8.39,1.0,6.6,8.21,6.1,1.01,6.23,8.43,5.08,7.27,5.86,3.22,6.0
16,Niña,7.32,7.78,6.31,5.59,7.44,7.01,7.77,8.27,5.64,7.41,7.47,5.52,5.99,6.88
12,Niña,5.77,4.07,6.98,9.31,5.26,4.83,2.93,8.1,7.2,8.32,8.31,5.39,8.28,6.96
6,Niño,5.53,3.61,5.83,7.44,5.98,6.63,6.71,7.13,9.74,7.53,5.77,5.86,6.18,6.44
9,Niña,7.65,3.77,7.59,5.5,8.27,4.41,3.42,5.12,4.93,7.1,6.5,8.1,6.75,6.71
11,Niña,6.99,7.4,3.76,7.01,4.27,4.72,3.26,6.13,4.88,10.0,8.4,7.19,6.56,6.41
7,Niño,6.81,7.54,5.71,5.42,8.09,7.58,6.14,6.84,8.66,7.59,7.5,8.2,4.28,7.05
15,Niño,6.17,5.21,5.57,8.87,7.4,6.78,5.88,8.88,7.29,5.44,7.19,4.79,9.31,6.92
10,Niño,7.47,7.2,5.81,7.04,6.96,2.78,2.51,4.03,6.22,8.33,6.15,7.36,5.85,6.29
16,Niña,5.02,6.72,7.99,5.63,6.47,5.2,7.67,5.39,5.53,6.0,7.2,7.34,6.49,6.23
15,Niña,4.81,5.99,5.82,7.64,8.86,6.58,4.39,8.39,6.95,5.91,8.32,8.56,5.45,7.31
6,Niño,7.12,7.86,5.5,6.47,9.05,6.02,4.94,8.74,7.17,4.97,6.82,6.47,8.32,6.89
11,Niño,3.56,4.81,4.41,5.25,5.5,6.79,4.21,6.6,7.18,6.32,9.14,6.38,4.17,5.93
11,Niña,6.14,8.11,8.26,7.26,7.1,5.99,2.59,9.01,5.52,5.18,8.79,8.96,8.58,7.38
9,Niña,5.53,5.48,3.57,7.22,8.74,5.59,6.27,5.6,6.56,7.68,7.08,6.78,6.01,6.58
13,Niño,3.89,8.99,5.06,8.17,5.28,5.54,5.38,4.44,6.26,6.72,6.79,7.23,5.65,5.98
9,Niño,4.6,5.09,8.88,6.88,6.62,7.55,3.19,7.89,7.84,4.99,4.18,7.62,5.5,6.6
13,Niña,5.84,6.01,6.8,6.93,7.61,6.91,6.69,8.64,5.6,6.79,6.21,4.83,9.39,6.78
13,Niño,7.55,6.58,5.97,6.99,3.68,6.45,4.91,8.62,7.1,8.29,6.13,7.05,3.93,6.61
10,Niña,5.02,6.57,6.04,8.71,7.38,5.94,4.95,5.4,10.0,9.17,5.78,5.38,5.64,6.69
9,Niña,7.82,7.19,4.39,6.43,4.89,4.92,8.35,7.0,5.51,4.39,7.46,6.89,4.43,5.98
17,Niña,6.09,4.7,5.88,7.36,6.55,5.31,1.58,7.96,6.03,5.81,7.87,6.62,3.6,6.64
7,Niña,7.97,6.45,5.41,7.54,7.79,7.5,1.56,7.15,6.88,5.09,9.68,6.34,8.59,7.21
16,Niño,5.09,6.69,6.31,7.22,3.19,7.35,2.01,8.87,3.18,7.39,7.58,7.81,6.46,6.6
8,Niño,5.93,5.76,3.44,6.38,7.32,4.76,5.53,6.09,5.15,4.93,5.06,7.13,4.64,5.79
8,Niña,6.55,7.07,6.68,6.94,8.95,5.96,4.08,6.59,7.4,8.38,6.6,5.62,7.83,7.02
9,Niña,5.73,4.62,7.73,6.69,5.61,6.6,4.24,7.05,6.77,8.59,8.23,5.58,5.86,6.79
9,Niña,7.43,6.04,5.65,9.15,7.05,6.49,2.92,7.95,8.37,8.05,7.4,8.09,5.47,7.54
15,Niña,2.69,5.45,7.1,6.25,8.04,6.48,8.13,6.41,6.69,5.9,8.53,6.95,7.42,6.55
16,Niña,9.63,6.05,6.53,5.7,4.23,4.02,8.8,8.09,6.58,5.98,6.88,5.15,5.82,6.12
16,Niño,7.29,8.53,4.97,6.79,7.28,3.93,6.6,9.11,6.09,6.26,8.88,6.46,4.96,6.8
10,Niño,5.74,8.55,4.2,6.71,7.63,7.67,1.79,5.92,6.55,8.45,7.8,6.8,7.61,6.81
9,Niño,5.17,8.28,4.44,7.04,7.13,8.21,3.83,6.45,5.42,4.52,7.83,5.4,6.27,6.33
16,Niño,4.7,5.85,6.5,6.25,6.41,3.43,6.45,8.15,6.81,7.44,7.68,6.17,7.69,6.31
15,Niña,6.97,7.77,5.9,6.93,5.0,5.76,4.71,9.59,5.74,5.59,6.58,8.19,5.86,6.65
13,Niña,7.49,6.66,8.17,6.96,8.11,7.1,6.6,7.65,5.43,6.31,7.43,10.0,8.13,7.68
11,Niña,5.76,6.56,7.34,7.89,6.34,2.27,7.3,5.52,6.17,7.93,7.85,7.39,6.52,6.54
11,Niña,7.66,6.39,7.34,6.91,5.12,4.08,8.61,7.0,7.59,4.78,5.82,5.24,8.19,6.0
13,Niña,4.64,8.96,6.45,6.92,5.89,5.65,3.49,8.14,7.18,6.51,7.6,6.72,8.14,6.49
12,Niño,4.37,8.41,4.36,7.42,6.78,4.84,4.96,5.48,7.87,6.72,8.96,7.16,8.48,6.32
15,Niña,8.72,7.54,6.55,7.84,4.27,6.13,3.92,5.08,5.8,6.85,8.02,8.02,6.61,6.75
16,Niño,6.89,6.26,6.11,5.62,6.32,8.15,1.0,6.18,6.98,6.76,9.14,8.05,7.11,6.92
17,Niño,8.1,6.56,4.06,5.3,5.76,4.44,6.2,7.69,9.21,7.68,7.99,8.77,6.13,6.53
15,Niño,4.72,7.24,8.06,8.83,8.04,5.88,5.93,4.65,8.82,6.27,6.42,7.0,5.06,6.83
13,Niño,4.61,5.77,7.87,7.64,3.86,5.25,3.71,5.66,5.34,7.41,8.45,7.02,9.71,6.35
7,Niña,5.46,7.81,4.05,6.54,7.52,6.02,1.6,7.11,5.69,7.36,6.13,4.55,5.3,6.18
14,Niño,4.76,5.21,4.92,6.82,8.14,5.81,4.03,8.34,9.21,7.3,7.25,5.68,7.95,6.65
6,Niño,7.06,7.05,5.07,6.33,3.91,10.0,6.26,7.14,7.59,7.64,7.17,5.23,7.66,6.47
13,Niño,4.87,3.29,7.04,7.05,4.07,8.18,7.47,7.26,6.75,7.29,6.69,5.91,6.79,6.39
17,Niña,4.24,5.73,6.84,5.63,8.62,3.27,3.37,8.21,6.61,6.77,10.0,5.5,6.25,6.62
16,Niña,6.21,9.41,6.08,7.81,5.12,4.36,7.02,9.1,7.3,5.12,7.41,5.59,6.27,6.33
17,Niña,4.07,7.95,6.47,7.01,10.0,4.56,6.04,8.93,7.31,8.8,9.67,8.42,5.45,7.64
17,Niño,3.3,8.65,3.81,7.05,3.95,3.83,5.63,3.64,6.31,9.27,7.91,4.5,6.65,5.28
9,Niño,6.2,5.57,6.65,5.73,6.52,3.61,2.21,6.85,6.79,6.4,6.51,6.74,4.61,6.13
9,Niña,3.38,6.65,5.83,7.43,6.27,5.51,2.3,8.07,6.26,7.54,7.01,8.12,7.7,6.6
10,Niño,7.16,8.29,4.85,5.75,6.03,4.62,3.14,9.25,7.22,6.13,7.45,6.61,6.13,6.37
13,Niña,3.91,7.39,3.39,5.97,6.9,4.37,4.15,7.66,6.04,5.89,7.09,8.73,4.96,6.04
